"Date","LakeID","max_depth","thermo","Year","unstrat"
1980-03-07,"117",29.7950000762939,NA,1980,1
1980-03-08,"393",15.2008066177368,NA,1980,1
1980-03-17,"118",30.4409675598145,NA,1980,1
1980-03-20,"391",24.2353992462158,NA,1980,1
1980-03-23,"6",309.380187988281,NA,1980,1
1980-03-25,"390",50.9158821105957,NA,1980,1
1980-03-26,"389",29.4901676177979,NA,1980,1
1980-03-27,"119",15.4270963668823,NA,1980,1
1980-03-28,"24",70.8475341796875,NA,1980,1
1980-03-30,"1",64.5,NA,1980,1
1980-04-01,"400",21.0113639831543,NA,1980,1
1980-04-01,"94",31.2046871185303,NA,1980,1
1980-04-04,"96",49.5297012329102,NA,1980,1
1980-04-09,"93",20.5390472412109,NA,1980,1
1980-04-10,"115",8.90555572509766,NA,1980,1
1980-04-10,"23",27.1758937835693,NA,1980,1
1980-04-11,"395",24.4608001708984,NA,1980,1
1980-04-12,"242",10.1621427536011,NA,1980,1
1980-04-12,"MIDAS-9961",10.1621427536011,NA,1980,1
1980-04-13,"147",9.4544734954834,NA,1980,1
1980-04-13,"15",11.2010869979858,NA,1980,1
1980-04-13,"16",11.2010869979858,NA,1980,1
1980-04-17,"339",35.1548614501953,NA,1980,1
1980-04-18,"186",12.6126918792725,NA,1980,1
1980-04-18,"192",18.1809463500977,NA,1980,1
1980-04-19,"31",24.7940006256104,NA,1980,1
1980-04-19,"7",28.7456893920898,NA,1980,1
1980-04-19,"WI-593072",25.2057685852051,NA,1980,1
1980-04-19,"WI-643451",11.9360418319702,NA,1980,1
1980-04-19,"WI-683143",13.4659261703491,NA,1980,1
1980-04-20,"124",21.0211372375488,NA,1980,1
1980-04-20,"413",17.3584289550781,NA,1980,1
1980-04-20,"414",17.3584289550781,NA,1980,1
1980-04-20,"aba15",23.5195827484131,NA,1980,1
1980-04-25,"306",121.5,NA,1980,1
1980-04-26,"WI-443210",26.5883331298828,NA,1980,1
1980-04-27,"416",46.4802131652832,NA,1980,1
1980-04-27,"417",46.4802131652832,NA,1980,1
1980-05-01,"WI-153112",11.4456520080566,NA,1980,1
1980-05-05,"MIDAS-5222",15.1417741775513,NA,1980,1
1980-05-11,"aba27",24.3530006408691,NA,1980,1
1980-05-15,"25",15.3680648803711,NA,1980,1
1980-05-27,"aba14",8.26941204071045,NA,1980,1
1981-02-18,"117",29.7950000762939,NA,1981,1
1981-02-24,"393",15.2008066177368,NA,1981,1
1981-02-27,"118",30.4409675598145,NA,1981,1
1981-03-07,"391",24.2353992462158,NA,1981,1
1981-03-08,"390",50.9158821105957,NA,1981,1
1981-03-09,"1",64.5,NA,1981,1
1981-03-09,"119",15.4270963668823,NA,1981,1
1981-03-11,"389",29.4901676177979,NA,1981,1
1981-03-20,"6",309.380187988281,NA,1981,1
1981-03-22,"94",31.2046871185303,NA,1981,1
1981-03-23,"96",49.5297012329102,NA,1981,1
1981-03-24,"93",20.5390472412109,NA,1981,1
1981-03-27,"24",70.8475341796875,NA,1981,1
1981-03-30,"400",21.0113639831543,NA,1981,1
1981-04-02,"23",27.1758937835693,NA,1981,1
1981-04-10,"31",24.7940006256104,NA,1981,1
1981-04-10,"339",35.1548614501953,NA,1981,1
1981-04-12,"395",24.4608001708984,NA,1981,1
1981-04-13,"115",8.90555572509766,NA,1981,1
1981-04-14,"aba14",8.26941204071045,NA,1981,1
1981-04-16,"WI-593072",25.2057685852051,NA,1981,1
1981-04-21,"7",28.7456893920898,NA,1981,1
1981-04-25,"WI-443210",26.5883331298828,NA,1981,1
1981-04-26,"aba15",23.5195827484131,NA,1981,1
1981-04-27,"124",21.0211372375488,NA,1981,1
1981-04-27,"147",9.4544734954834,NA,1981,1
1981-04-27,"15",11.2010869979858,NA,1981,1
1981-04-27,"16",11.2010869979858,NA,1981,1
1981-04-27,"186",12.6126918792725,NA,1981,1
1981-04-27,"192",18.1809463500977,NA,1981,1
1981-04-27,"242",10.1621427536011,NA,1981,1
1981-04-27,"306",121.5,NA,1981,1
1981-04-27,"MIDAS-9961",10.1621427536011,NA,1981,1
1981-04-28,"WI-643451",11.9360418319702,NA,1981,1
1981-04-29,"413",17.3584289550781,NA,1981,1
1981-04-29,"414",17.3584289550781,NA,1981,1
1981-04-29,"416",46.4802131652832,NA,1981,1
1981-04-29,"417",46.4802131652832,NA,1981,1
1981-04-29,"WI-683143",13.4659261703491,NA,1981,1
1981-05-09,"aba27",24.3530006408691,NA,1981,1
1981-05-10,"MIDAS-5222",15.1417741775513,NA,1981,1
1981-05-13,"WI-153112",11.4456520080566,NA,1981,1
1981-05-26,"25",15.3680648803711,NA,1981,1
1982-02-27,"117",29.7950000762939,NA,1982,1
1982-03-03,"393",15.2008066177368,NA,1982,1
1982-03-11,"118",30.4409675598145,NA,1982,1
1982-03-12,"391",24.2353992462158,NA,1982,1
1982-03-14,"119",15.4270963668823,NA,1982,1
1982-03-15,"389",29.4901676177979,NA,1982,1
1982-03-15,"390",50.9158821105957,NA,1982,1
1982-03-16,"94",31.2046871185303,NA,1982,1
1982-03-21,"6",309.380187988281,NA,1982,1
1982-03-22,"96",49.5297012329102,NA,1982,1
1982-03-23,"93",20.5390472412109,NA,1982,1
1982-03-30,"400",21.0113639831543,NA,1982,1
1982-03-31,"24",70.8475341796875,NA,1982,1
1982-04-04,"1",64.5,NA,1982,1
1982-04-06,"23",27.1758937835693,NA,1982,1
1982-04-11,"115",8.90555572509766,NA,1982,1
1982-04-12,"395",24.4608001708984,NA,1982,1
1982-04-21,"aba14",8.26941204071045,NA,1982,1
1982-04-23,"15",11.2010869979858,NA,1982,1
1982-04-23,"16",11.2010869979858,NA,1982,1
1982-04-24,"147",9.4544734954834,NA,1982,1
1982-04-24,"186",12.6126918792725,NA,1982,1
1982-04-24,"192",18.1809463500977,NA,1982,1
1982-04-24,"242",10.1621427536011,NA,1982,1
1982-04-24,"31",24.7940006256104,NA,1982,1
1982-04-24,"339",35.1548614501953,NA,1982,1
1982-04-24,"7",28.7456893920898,NA,1982,1
1982-04-24,"MIDAS-9961",10.1621427536011,NA,1982,1
1982-04-24,"WI-683143",13.4659261703491,NA,1982,1
1982-04-25,"124",21.0211372375488,NA,1982,1
1982-04-27,"WI-593072",25.2057685852051,NA,1982,1
1982-04-27,"WI-643451",11.9360418319702,NA,1982,1
1982-04-28,"WI-443210",26.5883331298828,NA,1982,1
1982-04-29,"413",17.3584289550781,NA,1982,1
1982-04-29,"414",17.3584289550781,NA,1982,1
1982-04-30,"306",121.5,NA,1982,1
1982-04-30,"416",46.4802131652832,NA,1982,1
1982-04-30,"417",46.4802131652832,NA,1982,1
1982-05-02,"MIDAS-5222",15.1417741775513,NA,1982,1
1982-05-07,"aba15",23.5195827484131,NA,1982,1
1982-05-12,"aba27",24.3530006408691,NA,1982,1
1982-05-24,"WI-153112",11.4456520080566,NA,1982,1
1982-06-10,"25",15.3680648803711,NA,1982,1
1983-02-16,"393",15.2008066177368,NA,1983,1
1983-02-17,"117",29.7950000762939,NA,1983,1
1983-02-28,"118",30.4409675598145,NA,1983,1
1983-02-28,"390",50.9158821105957,NA,1983,1
1983-02-28,"391",24.2353992462158,NA,1983,1
1983-03-01,"389",29.4901676177979,NA,1983,1
1983-03-15,"1",64.5,NA,1983,1
1983-03-16,"6",309.380187988281,NA,1983,1
1983-04-03,"24",70.8475341796875,NA,1983,1
1983-04-04,"115",8.90555572509766,NA,1983,1
1983-04-05,"400",21.0113639831543,NA,1983,1
1983-04-08,"23",27.1758937835693,NA,1983,1
1983-04-10,"94",31.2046871185303,NA,1983,1
1983-04-10,"96",49.5297012329102,NA,1983,1
1983-04-11,"119",15.4270963668823,NA,1983,1
1983-04-13,"395",24.4608001708984,NA,1983,1
1983-04-14,"aba14",8.26941204071045,NA,1983,1
1983-04-19,"93",20.5390472412109,NA,1983,1
1983-04-21,"339",35.1548614501953,NA,1983,1
1983-04-22,"15",11.2010869979858,NA,1983,1
1983-04-22,"16",11.2010869979858,NA,1983,1
1983-04-23,"242",10.1621427536011,NA,1983,1
1983-04-23,"MIDAS-9961",10.1621427536011,NA,1983,1
1983-04-24,"186",12.6126918792725,NA,1983,1
1983-04-24,"31",24.7940006256104,NA,1983,1
1983-04-24,"WI-683143",13.4659261703491,NA,1983,1
1983-04-25,"147",9.4544734954834,NA,1983,1
1983-04-25,"413",17.3584289550781,NA,1983,1
1983-04-25,"414",17.3584289550781,NA,1983,1
1983-04-25,"WI-593072",25.2057685852051,NA,1983,1
1983-04-26,"192",18.1809463500977,NA,1983,1
1983-04-26,"WI-643451",11.9360418319702,NA,1983,1
1983-04-27,"124",21.0211372375488,NA,1983,1
1983-04-27,"306",121.5,NA,1983,1
1983-04-27,"7",28.7456893920898,NA,1983,1
1983-04-28,"WI-443210",26.5883331298828,NA,1983,1
1983-05-04,"416",46.4802131652832,NA,1983,1
1983-05-04,"417",46.4802131652832,NA,1983,1
1983-05-06,"aba27",24.3530006408691,NA,1983,1
1983-05-12,"aba15",23.5195827484131,NA,1983,1
1983-05-27,"WI-153112",11.4456520080566,NA,1983,1
1983-05-31,"MIDAS-5222",15.1417741775513,NA,1983,1
1983-06-02,"25",15.3680648803711,NA,1983,1
1984-03-01,"117",29.7950000762939,NA,1984,1
1984-03-12,"393",15.2008066177368,NA,1984,1
1984-03-14,"118",30.4409675598145,NA,1984,1
1984-03-14,"391",24.2353992462158,NA,1984,1
1984-03-15,"119",15.4270963668823,NA,1984,1
1984-03-18,"6",309.380187988281,NA,1984,1
1984-03-21,"389",29.4901676177979,NA,1984,1
1984-03-23,"1",64.5,NA,1984,1
1984-03-23,"390",50.9158821105957,NA,1984,1
1984-03-31,"115",8.90555572509766,NA,1984,1
1984-04-04,"94",31.2046871185303,NA,1984,1
1984-04-07,"24",70.8475341796875,NA,1984,1
1984-04-09,"96",49.5297012329102,NA,1984,1
1984-04-10,"395",24.4608001708984,NA,1984,1
1984-04-10,"400",21.0113639831543,NA,1984,1
1984-04-11,"93",20.5390472412109,NA,1984,1
1984-04-12,"23",27.1758937835693,NA,1984,1
1984-04-22,"15",11.2010869979858,NA,1984,1
1984-04-22,"16",11.2010869979858,NA,1984,1
1984-04-23,"339",35.1548614501953,NA,1984,1
1984-04-26,"124",21.0211372375488,NA,1984,1
1984-04-26,"7",28.7456893920898,NA,1984,1
1984-04-27,"147",9.4544734954834,NA,1984,1
1984-04-27,"186",12.6126918792725,NA,1984,1
1984-04-27,"192",18.1809463500977,NA,1984,1
1984-04-27,"242",10.1621427536011,NA,1984,1
1984-04-27,"306",121.5,NA,1984,1
1984-04-27,"MIDAS-9961",10.1621427536011,NA,1984,1
1984-04-29,"aba15",23.5195827484131,NA,1984,1
1984-05-02,"WI-443210",26.5883331298828,NA,1984,1
1984-05-02,"WI-593072",25.2057685852051,NA,1984,1
1984-05-04,"31",24.7940006256104,NA,1984,1
1984-05-04,"413",17.3584289550781,NA,1984,1
1984-05-04,"414",17.3584289550781,NA,1984,1
1984-05-04,"aba27",24.3530006408691,NA,1984,1
1984-05-05,"WI-683143",13.4659261703491,NA,1984,1
1984-05-07,"aba14",8.26941204071045,NA,1984,1
1984-05-09,"416",46.4802131652832,NA,1984,1
1984-05-09,"417",46.4802131652832,NA,1984,1
1984-05-13,"WI-643451",11.9360418319702,NA,1984,1
1984-05-16,"MIDAS-5222",15.1417741775513,NA,1984,1
1984-06-12,"WI-153112",11.4456520080566,NA,1984,1
1984-06-30,"25",15.3680648803711,NA,1984,1
1985-02-25,"117",29.7950000762939,NA,1985,1
1985-03-01,"393",15.2008066177368,NA,1985,1
1985-03-09,"391",24.2353992462158,NA,1985,1
1985-03-10,"118",30.4409675598145,NA,1985,1
1985-03-14,"119",15.4270963668823,NA,1985,1
1985-03-14,"390",50.9158821105957,NA,1985,1
1985-03-15,"389",29.4901676177979,NA,1985,1
1985-03-18,"93",20.5390472412109,NA,1985,1
1985-03-18,"94",31.2046871185303,NA,1985,1
1985-03-22,"96",49.5297012329102,NA,1985,1
1985-03-27,"400",21.0113639831543,NA,1985,1
1985-03-29,"6",309.380187988281,NA,1985,1
1985-04-02,"24",70.8475341796875,NA,1985,1
1985-04-04,"1",64.5,NA,1985,1
1985-04-06,"115",8.90555572509766,NA,1985,1
1985-04-07,"395",24.4608001708984,NA,1985,1
1985-04-13,"23",27.1758937835693,NA,1985,1
1985-04-13,"31",24.7940006256104,NA,1985,1
1985-04-13,"WI-683143",13.4659261703491,NA,1985,1
1985-04-17,"339",35.1548614501953,NA,1985,1
1985-04-18,"WI-593072",25.2057685852051,NA,1985,1
1985-04-19,"124",21.0211372375488,NA,1985,1
1985-04-19,"15",11.2010869979858,NA,1985,1
1985-04-19,"16",11.2010869979858,NA,1985,1
1985-04-19,"413",17.3584289550781,NA,1985,1
1985-04-19,"414",17.3584289550781,NA,1985,1
1985-04-19,"7",28.7456893920898,NA,1985,1
1985-04-19,"WI-643451",11.9360418319702,NA,1985,1
1985-04-20,"147",9.4544734954834,NA,1985,1
1985-04-20,"186",12.6126918792725,NA,1985,1
1985-04-20,"242",10.1621427536011,NA,1985,1
1985-04-20,"306",121.5,NA,1985,1
1985-04-20,"MIDAS-9961",10.1621427536011,NA,1985,1
1985-04-20,"WI-443210",26.5883331298828,NA,1985,1
1985-04-21,"192",18.1809463500977,NA,1985,1
1985-04-24,"MIDAS-5222",15.1417741775513,NA,1985,1
1985-04-27,"aba14",8.26941204071045,NA,1985,1
1985-04-28,"416",46.4802131652832,NA,1985,1
1985-04-28,"417",46.4802131652832,NA,1985,1
1985-04-28,"aba15",23.5195827484131,NA,1985,1
1985-05-12,"aba27",24.3530006408691,NA,1985,1
1985-06-24,"WI-153112",11.4456520080566,NA,1985,1
1985-06-30,"25",15.3680648803711,NA,1985,1
1986-02-17,"117",29.7950000762939,NA,1986,1
1986-02-18,"393",15.2008066177368,NA,1986,1
1986-03-02,"118",30.4409675598145,NA,1986,1
1986-03-06,"391",24.2353992462158,NA,1986,1
1986-03-09,"119",15.4270963668823,NA,1986,1
1986-03-09,"389",29.4901676177979,NA,1986,1
1986-03-09,"390",50.9158821105957,NA,1986,1
1986-03-14,"6",309.380187988281,NA,1986,1
1986-03-15,"1",64.5,NA,1986,1
1986-03-22,"94",31.2046871185303,NA,1986,1
1986-03-25,"400",21.0113639831543,NA,1986,1
1986-03-25,"93",20.5390472412109,NA,1986,1
1986-03-25,"96",49.5297012329102,NA,1986,1
1986-03-28,"115",8.90555572509766,NA,1986,1
1986-03-30,"24",70.8475341796875,NA,1986,1
1986-04-03,"395",24.4608001708984,NA,1986,1
1986-04-12,"15",11.2010869979858,NA,1986,1
1986-04-12,"16",11.2010869979858,NA,1986,1
1986-04-13,"242",10.1621427536011,NA,1986,1
1986-04-13,"MIDAS-9961",10.1621427536011,NA,1986,1
1986-04-14,"147",9.4544734954834,NA,1986,1
1986-04-14,"186",12.6126918792725,NA,1986,1
1986-04-14,"192",18.1809463500977,NA,1986,1
1986-04-17,"124",21.0211372375488,NA,1986,1
1986-04-17,"31",24.7940006256104,NA,1986,1
1986-04-18,"23",27.1758937835693,NA,1986,1
1986-04-18,"7",28.7456893920898,NA,1986,1
1986-04-20,"339",35.1548614501953,NA,1986,1
1986-04-23,"WI-593072",25.2057685852051,NA,1986,1
1986-04-23,"WI-683143",13.4659261703491,NA,1986,1
1986-04-24,"306",121.5,NA,1986,1
1986-04-24,"WI-443210",26.5883331298828,NA,1986,1
1986-04-25,"413",17.3584289550781,NA,1986,1
1986-04-25,"414",17.3584289550781,NA,1986,1
1986-04-25,"WI-643451",11.9360418319702,NA,1986,1
1986-05-04,"416",46.4802131652832,NA,1986,1
1986-05-04,"417",46.4802131652832,NA,1986,1
1986-05-05,"aba27",24.3530006408691,NA,1986,1
1986-05-06,"aba15",23.5195827484131,NA,1986,1
1986-05-14,"MIDAS-5222",15.1417741775513,NA,1986,1
1986-05-15,"aba14",8.26941204071045,NA,1986,1
1986-05-23,"WI-153112",11.4456520080566,NA,1986,1
1986-06-30,"25",15.3680648803711,NA,1986,1
1987-02-02,"117",29.7950000762939,NA,1987,1
1987-03-01,"393",15.2008066177368,NA,1987,1
1987-03-02,"118",30.4409675598145,NA,1987,1
1987-03-03,"119",15.4270963668823,NA,1987,1
1987-03-03,"389",29.4901676177979,NA,1987,1
1987-03-03,"390",50.9158821105957,NA,1987,1
1987-03-03,"391",24.2353992462158,NA,1987,1
1987-03-13,"94",31.2046871185303,NA,1987,1
1987-03-18,"1",64.5,NA,1987,1
1987-03-18,"96",49.5297012329102,NA,1987,1
1987-03-30,"aba14",8.26941204071045,NA,1987,1
1987-04-01,"115",8.90555572509766,NA,1987,1
1987-04-03,"93",20.5390472412109,NA,1987,1
1987-04-04,"395",24.4608001708984,NA,1987,1
1987-04-05,"6",309.380187988281,NA,1987,1
1987-04-07,"24",70.8475341796875,NA,1987,1
1987-04-08,"339",35.1548614501953,NA,1987,1
1987-04-08,"400",21.0113639831543,NA,1987,1
1987-04-08,"WI-643451",11.9360418319702,NA,1987,1
1987-04-09,"WI-683143",13.4659261703491,NA,1987,1
1987-04-10,"147",9.4544734954834,NA,1987,1
1987-04-10,"15",11.2010869979858,NA,1987,1
1987-04-10,"16",11.2010869979858,NA,1987,1
1987-04-11,"124",21.0211372375488,NA,1987,1
1987-04-12,"413",17.3584289550781,NA,1987,1
1987-04-12,"414",17.3584289550781,NA,1987,1
1987-04-14,"23",27.1758937835693,NA,1987,1
1987-04-14,"242",10.1621427536011,NA,1987,1
1987-04-14,"MIDAS-9961",10.1621427536011,NA,1987,1
1987-04-15,"31",24.7940006256104,NA,1987,1
1987-04-15,"WI-443210",26.5883331298828,NA,1987,1
1987-04-15,"WI-593072",25.2057685852051,NA,1987,1
1987-04-17,"306",121.5,NA,1987,1
1987-04-18,"186",12.6126918792725,NA,1987,1
1987-04-18,"7",28.7456893920898,NA,1987,1
1987-04-19,"192",18.1809463500977,NA,1987,1
1987-04-24,"416",46.4802131652832,NA,1987,1
1987-04-24,"417",46.4802131652832,NA,1987,1
1987-04-27,"aba15",23.5195827484131,NA,1987,1
1987-05-09,"MIDAS-5222",15.1417741775513,NA,1987,1
1987-05-11,"aba27",24.3530006408691,NA,1987,1
1987-05-24,"WI-153112",11.4456520080566,NA,1987,1
1987-05-25,"25",15.3680648803711,NA,1987,1
1988-02-25,"117",29.7950000762939,NA,1988,1
1988-02-25,"393",15.2008066177368,NA,1988,1
1988-03-14,"6",309.380187988281,NA,1988,1
1988-03-18,"118",30.4409675598145,NA,1988,1
1988-03-19,"391",24.2353992462158,NA,1988,1
1988-03-20,"119",15.4270963668823,NA,1988,1
1988-03-20,"389",29.4901676177979,NA,1988,1
1988-03-20,"390",50.9158821105957,NA,1988,1
1988-03-23,"93",20.5390472412109,NA,1988,1
1988-03-23,"94",31.2046871185303,NA,1988,1
1988-03-26,"96",49.5297012329102,NA,1988,1
1988-03-27,"400",21.0113639831543,NA,1988,1
1988-04-01,"24",70.8475341796875,NA,1988,1
1988-04-06,"115",8.90555572509766,NA,1988,1
1988-04-07,"1",64.5,NA,1988,1
1988-04-08,"395",24.4608001708984,NA,1988,1
1988-04-09,"23",27.1758937835693,NA,1988,1
1988-04-09,"aba14",8.26941204071045,NA,1988,1
1988-04-15,"31",24.7940006256104,NA,1988,1
1988-04-23,"339",35.1548614501953,NA,1988,1
1988-04-26,"147",9.4544734954834,NA,1988,1
1988-04-26,"15",11.2010869979858,NA,1988,1
1988-04-26,"16",11.2010869979858,NA,1988,1
1988-04-26,"186",12.6126918792725,NA,1988,1
1988-04-26,"242",10.1621427536011,NA,1988,1
1988-04-26,"7",28.7456893920898,NA,1988,1
1988-04-26,"MIDAS-9961",10.1621427536011,NA,1988,1
1988-04-28,"WI-443210",26.5883331298828,NA,1988,1
1988-04-28,"WI-593072",25.2057685852051,NA,1988,1
1988-04-29,"124",21.0211372375488,NA,1988,1
1988-04-29,"192",18.1809463500977,NA,1988,1
1988-04-29,"WI-643451",11.9360418319702,NA,1988,1
1988-04-29,"WI-683143",13.4659261703491,NA,1988,1
1988-04-29,"aba15",23.5195827484131,NA,1988,1
1988-04-30,"413",17.3584289550781,NA,1988,1
1988-04-30,"414",17.3584289550781,NA,1988,1
1988-05-02,"306",121.5,NA,1988,1
1988-05-02,"416",46.4802131652832,NA,1988,1
1988-05-02,"417",46.4802131652832,NA,1988,1
1988-05-05,"aba27",24.3530006408691,NA,1988,1
1988-05-06,"MIDAS-5222",15.1417741775513,NA,1988,1
1988-05-18,"WI-153112",11.4456520080566,NA,1988,1
1988-05-29,"25",15.3680648803711,NA,1988,1
1989-03-06,"6",309.380187988281,NA,1989,1
1989-03-10,"117",29.7950000762939,NA,1989,1
1989-03-10,"393",15.2008066177368,NA,1989,1
1989-03-11,"390",50.9158821105957,NA,1989,1
1989-03-11,"391",24.2353992462158,NA,1989,1
1989-03-12,"118",30.4409675598145,NA,1989,1
1989-03-12,"119",15.4270963668823,NA,1989,1
1989-03-22,"24",70.8475341796875,NA,1989,1
1989-03-22,"389",29.4901676177979,NA,1989,1
1989-03-24,"94",31.2046871185303,NA,1989,1
1989-03-25,"400",21.0113639831543,NA,1989,1
1989-03-25,"96",49.5297012329102,NA,1989,1
1989-03-27,"23",27.1758937835693,NA,1989,1
1989-03-27,"93",20.5390472412109,NA,1989,1
1989-04-05,"395",24.4608001708984,NA,1989,1
1989-04-06,"aba14",8.26941204071045,NA,1989,1
1989-04-07,"1",64.5,NA,1989,1
1989-04-08,"115",8.90555572509766,NA,1989,1
1989-04-18,"WI-683143",13.4659261703491,NA,1989,1
1989-04-19,"31",24.7940006256104,NA,1989,1
1989-04-20,"339",35.1548614501953,NA,1989,1
1989-04-21,"WI-643451",11.9360418319702,NA,1989,1
1989-04-23,"413",17.3584289550781,NA,1989,1
1989-04-23,"414",17.3584289550781,NA,1989,1
1989-04-23,"WI-593072",25.2057685852051,NA,1989,1
1989-04-24,"WI-443210",26.5883331298828,NA,1989,1
1989-04-25,"7",28.7456893920898,NA,1989,1
1989-04-26,"124",21.0211372375488,NA,1989,1
1989-04-28,"147",9.4544734954834,NA,1989,1
1989-04-28,"15",11.2010869979858,NA,1989,1
1989-04-28,"16",11.2010869979858,NA,1989,1
1989-04-28,"186",12.6126918792725,NA,1989,1
1989-04-28,"192",18.1809463500977,NA,1989,1
1989-04-28,"242",10.1621427536011,NA,1989,1
1989-04-28,"MIDAS-9961",10.1621427536011,NA,1989,1
1989-04-29,"306",121.5,NA,1989,1
1989-04-29,"aba15",23.5195827484131,NA,1989,1
1989-05-03,"aba27",24.3530006408691,NA,1989,1
1989-05-08,"416",46.4802131652832,NA,1989,1
1989-05-08,"417",46.4802131652832,NA,1989,1
1989-05-14,"WI-153112",11.4456520080566,NA,1989,1
1989-05-15,"25",15.3680648803711,NA,1989,1
1989-05-15,"MIDAS-5222",15.1417741775513,NA,1989,1
1990-02-06,"117",29.7950000762939,NA,1990,1
1990-02-09,"393",15.2008066177368,NA,1990,1
1990-03-02,"118",30.4409675598145,NA,1990,1
1990-03-03,"391",24.2353992462158,NA,1990,1
1990-03-05,"390",50.9158821105957,NA,1990,1
1990-03-07,"119",15.4270963668823,NA,1990,1
1990-03-07,"389",29.4901676177979,NA,1990,1
1990-03-07,"6",309.380187988281,NA,1990,1
1990-03-09,"94",31.2046871185303,NA,1990,1
1990-03-10,"400",21.0113639831543,NA,1990,1
1990-03-12,"93",20.5390472412109,NA,1990,1
1990-03-12,"96",49.5297012329102,NA,1990,1
1990-03-14,"24",70.8475341796875,NA,1990,1
1990-03-17,"1",64.5,NA,1990,1
1990-03-28,"115",8.90555572509766,NA,1990,1
1990-03-30,"395",24.4608001708984,NA,1990,1
1990-03-31,"23",27.1758937835693,NA,1990,1
1990-04-20,"31",24.7940006256104,NA,1990,1
1990-04-20,"339",35.1548614501953,NA,1990,1
1990-04-20,"WI-593072",25.2057685852051,NA,1990,1
1990-04-20,"WI-643451",11.9360418319702,NA,1990,1
1990-04-20,"WI-683143",13.4659261703491,NA,1990,1
1990-04-21,"15",11.2010869979858,NA,1990,1
1990-04-21,"16",11.2010869979858,NA,1990,1
1990-04-21,"186",12.6126918792725,NA,1990,1
1990-04-21,"7",28.7456893920898,NA,1990,1
1990-04-21,"WI-443210",26.5883331298828,NA,1990,1
1990-04-22,"124",21.0211372375488,NA,1990,1
1990-04-22,"147",9.4544734954834,NA,1990,1
1990-04-22,"242",10.1621427536011,NA,1990,1
1990-04-22,"306",121.5,NA,1990,1
1990-04-22,"413",17.3584289550781,NA,1990,1
1990-04-22,"414",17.3584289550781,NA,1990,1
1990-04-22,"MIDAS-9961",10.1621427536011,NA,1990,1
1990-04-23,"192",18.1809463500977,NA,1990,1
1990-04-29,"aba27",24.3530006408691,NA,1990,1
1990-05-03,"416",46.4802131652832,NA,1990,1
1990-05-03,"417",46.4802131652832,NA,1990,1
1990-05-09,"aba15",23.5195827484131,NA,1990,1
1990-05-25,"MIDAS-5222",15.1417741775513,NA,1990,1
1990-06-06,"WI-153112",11.4456520080566,NA,1990,1
1990-06-13,"25",15.3680648803711,NA,1990,1
1990-06-13,"aba14",8.26941204071045,NA,1990,1
1991-02-05,"117",29.7950000762939,NA,1991,1
1991-02-28,"393",15.2008066177368,NA,1991,1
1991-03-03,"118",30.4409675598145,NA,1991,1
1991-03-05,"390",50.9158821105957,NA,1991,1
1991-03-05,"391",24.2353992462158,NA,1991,1
1991-03-07,"6",309.380187988281,NA,1991,1
1991-03-08,"389",29.4901676177979,NA,1991,1
1991-03-18,"119",15.4270963668823,NA,1991,1
1991-03-18,"94",31.2046871185303,NA,1991,1
1991-03-19,"1",64.5,NA,1991,1
1991-03-20,"24",70.8475341796875,NA,1991,1
1991-03-21,"93",20.5390472412109,NA,1991,1
1991-03-21,"96",49.5297012329102,NA,1991,1
1991-03-25,"400",21.0113639831543,NA,1991,1
1991-04-01,"23",27.1758937835693,NA,1991,1
1991-04-11,"115",8.90555572509766,NA,1991,1
1991-04-13,"395",24.4608001708984,NA,1991,1
1991-04-16,"31",24.7940006256104,NA,1991,1
1991-04-19,"339",35.1548614501953,NA,1991,1
1991-04-21,"WI-443210",26.5883331298828,NA,1991,1
1991-04-21,"WI-593072",25.2057685852051,NA,1991,1
1991-04-21,"WI-643451",11.9360418319702,NA,1991,1
1991-04-22,"413",17.3584289550781,NA,1991,1
1991-04-22,"414",17.3584289550781,NA,1991,1
1991-04-23,"124",21.0211372375488,NA,1991,1
1991-04-23,"147",9.4544734954834,NA,1991,1
1991-04-23,"15",11.2010869979858,NA,1991,1
1991-04-23,"16",11.2010869979858,NA,1991,1
1991-04-23,"186",12.6126918792725,NA,1991,1
1991-04-23,"242",10.1621427536011,NA,1991,1
1991-04-23,"7",28.7456893920898,NA,1991,1
1991-04-23,"MIDAS-9961",10.1621427536011,NA,1991,1
1991-04-23,"WI-683143",13.4659261703491,NA,1991,1
1991-04-24,"192",18.1809463500977,NA,1991,1
1991-04-24,"306",121.5,NA,1991,1
1991-04-25,"MIDAS-5222",15.1417741775513,NA,1991,1
1991-05-05,"aba15",23.5195827484131,NA,1991,1
1991-05-08,"416",46.4802131652832,NA,1991,1
1991-05-08,"417",46.4802131652832,NA,1991,1
1991-05-09,"WI-153112",11.4456520080566,NA,1991,1
1991-05-12,"aba27",24.3530006408691,NA,1991,1
1991-05-20,"aba14",8.26941204071045,NA,1991,1
1991-06-18,"25",15.3680648803711,NA,1991,1
1992-02-13,"117",29.7950000762939,NA,1992,1
1992-02-14,"393",15.2008066177368,NA,1992,1
1992-02-20,"118",30.4409675598145,NA,1992,1
1992-02-26,"1",64.5,NA,1992,1
1992-02-27,"391",24.2353992462158,NA,1992,1
1992-02-28,"119",15.4270963668823,NA,1992,1
1992-02-28,"389",29.4901676177979,NA,1992,1
1992-02-28,"390",50.9158821105957,NA,1992,1
1992-03-02,"94",31.2046871185303,NA,1992,1
1992-03-03,"6",309.380187988281,NA,1992,1
1992-03-03,"96",49.5297012329102,NA,1992,1
1992-03-20,"115",8.90555572509766,NA,1992,1
1992-03-22,"395",24.4608001708984,NA,1992,1
1992-03-24,"93",20.5390472412109,NA,1992,1
1992-04-06,"24",70.8475341796875,NA,1992,1
1992-04-07,"400",21.0113639831543,NA,1992,1
1992-04-08,"23",27.1758937835693,NA,1992,1
1992-04-20,"147",9.4544734954834,NA,1992,1
1992-04-20,"15",11.2010869979858,NA,1992,1
1992-04-20,"16",11.2010869979858,NA,1992,1
1992-04-21,"186",12.6126918792725,NA,1992,1
1992-04-21,"242",10.1621427536011,NA,1992,1
1992-04-21,"MIDAS-9961",10.1621427536011,NA,1992,1
1992-04-23,"7",28.7456893920898,NA,1992,1
1992-04-24,"aba14",8.26941204071045,NA,1992,1
1992-04-26,"124",21.0211372375488,NA,1992,1
1992-04-27,"413",17.3584289550781,NA,1992,1
1992-04-27,"414",17.3584289550781,NA,1992,1
1992-04-27,"WI-683143",13.4659261703491,NA,1992,1
1992-04-28,"192",18.1809463500977,NA,1992,1
1992-04-28,"306",121.5,NA,1992,1
1992-04-28,"31",24.7940006256104,NA,1992,1
1992-04-28,"339",35.1548614501953,NA,1992,1
1992-04-28,"WI-593072",25.2057685852051,NA,1992,1
1992-04-29,"WI-643451",11.9360418319702,NA,1992,1
1992-04-30,"WI-443210",26.5883331298828,NA,1992,1
1992-05-02,"aba15",23.5195827484131,NA,1992,1
1992-05-05,"MIDAS-5222",15.1417741775513,NA,1992,1
1992-05-07,"416",46.4802131652832,NA,1992,1
1992-05-07,"417",46.4802131652832,NA,1992,1
1992-05-11,"aba27",24.3530006408691,NA,1992,1
1992-05-12,"25",15.3680648803711,NA,1992,1
1992-06-23,"WI-153112",11.4456520080566,NA,1992,1
1993-03-14,"6",309.380187988281,NA,1993,1
1993-03-15,"117",29.7950000762939,NA,1993,1
1993-03-19,"393",15.2008066177368,NA,1993,1
1993-03-22,"118",30.4409675598145,NA,1993,1
1993-03-23,"1",64.5,NA,1993,1
1993-03-25,"119",15.4270963668823,NA,1993,1
1993-03-26,"389",29.4901676177979,NA,1993,1
1993-03-26,"390",50.9158821105957,NA,1993,1
1993-03-26,"391",24.2353992462158,NA,1993,1
1993-03-29,"115",8.90555572509766,NA,1993,1
1993-04-02,"24",70.8475341796875,NA,1993,1
1993-04-06,"23",27.1758937835693,NA,1993,1
1993-04-06,"395",24.4608001708984,NA,1993,1
1993-04-06,"400",21.0113639831543,NA,1993,1
1993-04-06,"94",31.2046871185303,NA,1993,1
1993-04-08,"93",20.5390472412109,NA,1993,1
1993-04-08,"96",49.5297012329102,NA,1993,1
1993-04-17,"15",11.2010869979858,NA,1993,1
1993-04-17,"16",11.2010869979858,NA,1993,1
1993-04-17,"242",10.1621427536011,NA,1993,1
1993-04-17,"MIDAS-9961",10.1621427536011,NA,1993,1
1993-04-19,"147",9.4544734954834,NA,1993,1
1993-04-20,"186",12.6126918792725,NA,1993,1
1993-04-24,"192",18.1809463500977,NA,1993,1
1993-04-26,"124",21.0211372375488,NA,1993,1
1993-04-27,"339",35.1548614501953,NA,1993,1
1993-04-27,"7",28.7456893920898,NA,1993,1
1993-04-27,"WI-683143",13.4659261703491,NA,1993,1
1993-04-28,"31",24.7940006256104,NA,1993,1
1993-04-29,"306",121.5,NA,1993,1
1993-04-29,"WI-593072",25.2057685852051,NA,1993,1
1993-04-29,"aba15",23.5195827484131,NA,1993,1
1993-04-30,"413",17.3584289550781,NA,1993,1
1993-04-30,"414",17.3584289550781,NA,1993,1
1993-04-30,"aba27",24.3530006408691,NA,1993,1
1993-05-01,"MIDAS-5222",15.1417741775513,NA,1993,1
1993-05-02,"416",46.4802131652832,NA,1993,1
1993-05-02,"417",46.4802131652832,NA,1993,1
1993-05-02,"WI-443210",26.5883331298828,NA,1993,1
1993-05-03,"WI-643451",11.9360418319702,NA,1993,1
1993-05-09,"aba14",8.26941204071045,NA,1993,1
1993-06-02,"WI-153112",11.4456520080566,NA,1993,1
1993-06-10,"25",15.3680648803711,NA,1993,1
1994-03-02,"117",29.7950000762939,NA,1994,1
1994-03-03,"393",15.2008066177368,NA,1994,1
1994-03-05,"6",309.380187988281,NA,1994,1
1994-03-12,"119",15.4270963668823,NA,1994,1
1994-03-12,"391",24.2353992462158,NA,1994,1
1994-03-13,"118",30.4409675598145,NA,1994,1
1994-03-13,"390",50.9158821105957,NA,1994,1
1994-03-14,"389",29.4901676177979,NA,1994,1
1994-03-18,"94",31.2046871185303,NA,1994,1
1994-03-19,"93",20.5390472412109,NA,1994,1
1994-03-20,"24",70.8475341796875,NA,1994,1
1994-03-22,"96",49.5297012329102,NA,1994,1
1994-03-25,"1",64.5,NA,1994,1
1994-03-29,"115",8.90555572509766,NA,1994,1
1994-03-29,"400",21.0113639831543,NA,1994,1
1994-04-01,"395",24.4608001708984,NA,1994,1
1994-04-12,"23",27.1758937835693,NA,1994,1
1994-04-14,"147",9.4544734954834,NA,1994,1
1994-04-14,"15",11.2010869979858,NA,1994,1
1994-04-14,"16",11.2010869979858,NA,1994,1
1994-04-14,"242",10.1621427536011,NA,1994,1
1994-04-14,"MIDAS-9961",10.1621427536011,NA,1994,1
1994-04-15,"aba14",8.26941204071045,NA,1994,1
1994-04-18,"186",12.6126918792725,NA,1994,1
1994-04-19,"192",18.1809463500977,NA,1994,1
1994-04-19,"31",24.7940006256104,NA,1994,1
1994-04-19,"339",35.1548614501953,NA,1994,1
1994-04-19,"WI-683143",13.4659261703491,NA,1994,1
1994-04-21,"WI-593072",25.2057685852051,NA,1994,1
1994-04-22,"7",28.7456893920898,NA,1994,1
1994-04-24,"124",21.0211372375488,NA,1994,1
1994-04-24,"413",17.3584289550781,NA,1994,1
1994-04-24,"414",17.3584289550781,NA,1994,1
1994-04-29,"306",121.5,NA,1994,1
1994-04-29,"aba15",23.5195827484131,NA,1994,1
1994-04-30,"WI-443210",26.5883331298828,NA,1994,1
1994-05-01,"WI-643451",11.9360418319702,NA,1994,1
1994-05-05,"aba27",24.3530006408691,NA,1994,1
1994-05-06,"416",46.4802131652832,NA,1994,1
1994-05-06,"417",46.4802131652832,NA,1994,1
1994-05-18,"WI-153112",11.4456520080566,NA,1994,1
1994-05-21,"MIDAS-5222",15.1417741775513,NA,1994,1
1994-06-30,"25",15.3680648803711,NA,1994,1
1995-03-09,"393",15.2008066177368,NA,1995,1
1995-03-12,"117",29.7950000762939,NA,1995,1
1995-03-12,"391",24.2353992462158,NA,1995,1
1995-03-14,"389",29.4901676177979,NA,1995,1
1995-03-14,"390",50.9158821105957,NA,1995,1
1995-03-15,"118",30.4409675598145,NA,1995,1
1995-03-15,"119",15.4270963668823,NA,1995,1
1995-03-15,"93",20.5390472412109,NA,1995,1
1995-03-15,"94",31.2046871185303,NA,1995,1
1995-03-15,"96",49.5297012329102,NA,1995,1
1995-03-21,"6",309.380187988281,NA,1995,1
1995-03-22,"400",21.0113639831543,NA,1995,1
1995-03-24,"1",64.5,NA,1995,1
1995-04-01,"24",70.8475341796875,NA,1995,1
1995-04-03,"23",27.1758937835693,NA,1995,1
1995-04-03,"395",24.4608001708984,NA,1995,1
1995-04-04,"115",8.90555572509766,NA,1995,1
1995-04-17,"7",28.7456893920898,NA,1995,1
1995-04-19,"242",10.1621427536011,NA,1995,1
1995-04-19,"MIDAS-9961",10.1621427536011,NA,1995,1
1995-04-20,"147",9.4544734954834,NA,1995,1
1995-04-20,"15",11.2010869979858,NA,1995,1
1995-04-20,"16",11.2010869979858,NA,1995,1
1995-04-20,"186",12.6126918792725,NA,1995,1
1995-04-20,"192",18.1809463500977,NA,1995,1
1995-04-24,"124",21.0211372375488,NA,1995,1
1995-04-24,"31",24.7940006256104,NA,1995,1
1995-04-24,"339",35.1548614501953,NA,1995,1
1995-04-24,"WI-683143",13.4659261703491,NA,1995,1
1995-04-27,"306",121.5,NA,1995,1
1995-04-28,"413",17.3584289550781,NA,1995,1
1995-04-28,"414",17.3584289550781,NA,1995,1
1995-04-28,"WI-593072",25.2057685852051,NA,1995,1
1995-04-29,"WI-643451",11.9360418319702,NA,1995,1
1995-04-30,"WI-443210",26.5883331298828,NA,1995,1
1995-05-04,"aba15",23.5195827484131,NA,1995,1
1995-05-10,"416",46.4802131652832,NA,1995,1
1995-05-10,"417",46.4802131652832,NA,1995,1
1995-05-17,"WI-153112",11.4456520080566,NA,1995,1
1995-05-17,"aba27",24.3530006408691,NA,1995,1
1995-05-18,"MIDAS-5222",15.1417741775513,NA,1995,1
1995-05-19,"25",15.3680648803711,NA,1995,1
1995-06-21,"aba14",8.26941204071045,NA,1995,1
1996-02-20,"117",29.7950000762939,NA,1996,1
1996-02-20,"393",15.2008066177368,NA,1996,1
1996-03-12,"1",64.5,NA,1996,1
1996-03-18,"6",309.380187988281,NA,1996,1
1996-03-21,"118",30.4409675598145,NA,1996,1
1996-03-21,"391",24.2353992462158,NA,1996,1
1996-03-28,"24",70.8475341796875,NA,1996,1
1996-03-28,"390",50.9158821105957,NA,1996,1
1996-03-29,"389",29.4901676177979,NA,1996,1
1996-04-01,"119",15.4270963668823,NA,1996,1
1996-04-03,"94",31.2046871185303,NA,1996,1
1996-04-05,"395",24.4608001708984,NA,1996,1
1996-04-06,"115",8.90555572509766,NA,1996,1
1996-04-07,"23",27.1758937835693,NA,1996,1
1996-04-07,"96",49.5297012329102,NA,1996,1
1996-04-09,"93",20.5390472412109,NA,1996,1
1996-04-11,"400",21.0113639831543,NA,1996,1
1996-04-20,"147",9.4544734954834,NA,1996,1
1996-04-20,"15",11.2010869979858,NA,1996,1
1996-04-20,"16",11.2010869979858,NA,1996,1
1996-04-20,"186",12.6126918792725,NA,1996,1
1996-04-20,"242",10.1621427536011,NA,1996,1
1996-04-20,"MIDAS-9961",10.1621427536011,NA,1996,1
1996-04-21,"192",18.1809463500977,NA,1996,1
1996-04-21,"7",28.7456893920898,NA,1996,1
1996-04-23,"31",24.7940006256104,NA,1996,1
1996-04-25,"124",21.0211372375488,NA,1996,1
1996-04-26,"339",35.1548614501953,NA,1996,1
1996-04-27,"aba14",8.26941204071045,NA,1996,1
1996-05-02,"306",121.5,NA,1996,1
1996-05-02,"WI-593072",25.2057685852051,NA,1996,1
1996-05-03,"WI-643451",11.9360418319702,NA,1996,1
1996-05-05,"413",17.3584289550781,NA,1996,1
1996-05-05,"414",17.3584289550781,NA,1996,1
1996-05-05,"WI-443210",26.5883331298828,NA,1996,1
1996-05-06,"416",46.4802131652832,NA,1996,1
1996-05-06,"417",46.4802131652832,NA,1996,1
1996-05-06,"WI-683143",13.4659261703491,NA,1996,1
1996-05-10,"aba15",23.5195827484131,NA,1996,1
1996-05-15,"MIDAS-5222",15.1417741775513,NA,1996,1
1996-05-19,"25",15.3680648803711,NA,1996,1
1996-05-21,"aba27",24.3530006408691,NA,1996,1
1996-06-10,"WI-153112",11.4456520080566,NA,1996,1
1997-02-19,"117",29.7950000762939,NA,1997,1
1997-02-21,"393",15.2008066177368,NA,1997,1
1997-03-02,"391",24.2353992462158,NA,1997,1
1997-03-02,"6",309.380187988281,NA,1997,1
1997-03-03,"390",50.9158821105957,NA,1997,1
1997-03-07,"118",30.4409675598145,NA,1997,1
1997-03-07,"119",15.4270963668823,NA,1997,1
1997-03-07,"389",29.4901676177979,NA,1997,1
1997-03-12,"24",70.8475341796875,NA,1997,1
1997-03-20,"94",31.2046871185303,NA,1997,1
1997-03-22,"96",49.5297012329102,NA,1997,1
1997-03-23,"93",20.5390472412109,NA,1997,1
1997-03-26,"23",27.1758937835693,NA,1997,1
1997-03-26,"400",21.0113639831543,NA,1997,1
1997-04-01,"1",64.5,NA,1997,1
1997-04-12,"395",24.4608001708984,NA,1997,1
1997-04-15,"115",8.90555572509766,NA,1997,1
1997-04-19,"WI-683143",13.4659261703491,NA,1997,1
1997-04-20,"31",24.7940006256104,NA,1997,1
1997-04-20,"339",35.1548614501953,NA,1997,1
1997-04-21,"147",9.4544734954834,NA,1997,1
1997-04-21,"15",11.2010869979858,NA,1997,1
1997-04-21,"16",11.2010869979858,NA,1997,1
1997-04-21,"186",12.6126918792725,NA,1997,1
1997-04-21,"242",10.1621427536011,NA,1997,1
1997-04-21,"MIDAS-9961",10.1621427536011,NA,1997,1
1997-04-22,"124",21.0211372375488,NA,1997,1
1997-04-22,"7",28.7456893920898,NA,1997,1
1997-04-23,"413",17.3584289550781,NA,1997,1
1997-04-23,"414",17.3584289550781,NA,1997,1
1997-04-23,"WI-593072",25.2057685852051,NA,1997,1
1997-04-25,"192",18.1809463500977,NA,1997,1
1997-04-25,"WI-643451",11.9360418319702,NA,1997,1
1997-04-26,"WI-443210",26.5883331298828,NA,1997,1
1997-05-03,"416",46.4802131652832,NA,1997,1
1997-05-03,"417",46.4802131652832,NA,1997,1
1997-05-03,"aba15",23.5195827484131,NA,1997,1
1997-05-04,"aba14",8.26941204071045,NA,1997,1
1997-05-12,"306",121.5,NA,1997,1
1997-05-14,"aba27",24.3530006408691,NA,1997,1
1997-05-23,"MIDAS-5222",15.1417741775513,NA,1997,1
1997-05-28,"25",15.3680648803711,NA,1997,1
1997-05-30,"WI-153112",11.4456520080566,NA,1997,1
1998-03-12,"1",64.5,NA,1998,1
1998-03-13,"6",309.380187988281,NA,1998,1
1998-03-14,"117",29.7950000762939,NA,1998,1
1998-03-17,"393",15.2008066177368,NA,1998,1
1998-03-22,"118",30.4409675598145,NA,1998,1
1998-03-22,"119",15.4270963668823,NA,1998,1
1998-03-22,"390",50.9158821105957,NA,1998,1
1998-03-23,"391",24.2353992462158,NA,1998,1
1998-03-24,"389",29.4901676177979,NA,1998,1
1998-03-26,"24",70.8475341796875,NA,1998,1
1998-03-27,"94",31.2046871185303,NA,1998,1
1998-03-28,"23",27.1758937835693,NA,1998,1
1998-03-28,"400",21.0113639831543,NA,1998,1
1998-03-28,"96",49.5297012329102,NA,1998,1
1998-03-30,"93",20.5390472412109,NA,1998,1
1998-03-31,"115",8.90555572509766,NA,1998,1
1998-04-05,"395",24.4608001708984,NA,1998,1
1998-04-11,"15",11.2010869979858,NA,1998,1
1998-04-11,"16",11.2010869979858,NA,1998,1
1998-04-11,"242",10.1621427536011,NA,1998,1
1998-04-11,"MIDAS-9961",10.1621427536011,NA,1998,1
1998-04-12,"124",21.0211372375488,NA,1998,1
1998-04-12,"7",28.7456893920898,NA,1998,1
1998-04-13,"147",9.4544734954834,NA,1998,1
1998-04-13,"186",12.6126918792725,NA,1998,1
1998-04-14,"192",18.1809463500977,NA,1998,1
1998-04-18,"31",24.7940006256104,NA,1998,1
1998-04-18,"339",35.1548614501953,NA,1998,1
1998-04-18,"WI-443210",26.5883331298828,NA,1998,1
1998-04-18,"WI-593072",25.2057685852051,NA,1998,1
1998-04-18,"WI-683143",13.4659261703491,NA,1998,1
1998-04-19,"413",17.3584289550781,NA,1998,1
1998-04-19,"414",17.3584289550781,NA,1998,1
1998-04-19,"WI-643451",11.9360418319702,NA,1998,1
1998-04-21,"306",121.5,NA,1998,1
1998-04-25,"aba15",23.5195827484131,NA,1998,1
1998-04-27,"416",46.4802131652832,NA,1998,1
1998-04-27,"417",46.4802131652832,NA,1998,1
1998-05-10,"aba27",24.3530006408691,NA,1998,1
1998-05-13,"MIDAS-5222",15.1417741775513,NA,1998,1
1998-05-30,"aba14",8.26941204071045,NA,1998,1
1998-06-06,"WI-153112",11.4456520080566,NA,1998,1
1998-06-18,"25",15.3680648803711,NA,1998,1
1999-01-27,"117",29.7950000762939,NA,1999,1
1999-01-27,"393",15.2008066177368,NA,1999,1
1999-02-24,"118",30.4409675598145,NA,1999,1
1999-03-12,"6",309.380187988281,NA,1999,1
1999-03-15,"390",50.9158821105957,NA,1999,1
1999-03-16,"391",24.2353992462158,NA,1999,1
1999-03-17,"389",29.4901676177979,NA,1999,1
1999-03-20,"119",15.4270963668823,NA,1999,1
1999-03-23,"94",31.2046871185303,NA,1999,1
1999-03-24,"96",49.5297012329102,NA,1999,1
1999-03-28,"24",70.8475341796875,NA,1999,1
1999-03-28,"93",20.5390472412109,NA,1999,1
1999-03-29,"400",21.0113639831543,NA,1999,1
1999-04-01,"1",64.5,NA,1999,1
1999-04-01,"23",27.1758937835693,NA,1999,1
1999-04-07,"115",8.90555572509766,NA,1999,1
1999-04-11,"395",24.4608001708984,NA,1999,1
1999-04-17,"147",9.4544734954834,NA,1999,1
1999-04-17,"242",10.1621427536011,NA,1999,1
1999-04-17,"MIDAS-9961",10.1621427536011,NA,1999,1
1999-04-18,"15",11.2010869979858,NA,1999,1
1999-04-18,"16",11.2010869979858,NA,1999,1
1999-04-18,"186",12.6126918792725,NA,1999,1
1999-04-19,"192",18.1809463500977,NA,1999,1
1999-04-23,"31",24.7940006256104,NA,1999,1
1999-04-23,"339",35.1548614501953,NA,1999,1
1999-04-23,"413",17.3584289550781,NA,1999,1
1999-04-23,"414",17.3584289550781,NA,1999,1
1999-04-23,"WI-443210",26.5883331298828,NA,1999,1
1999-04-23,"WI-593072",25.2057685852051,NA,1999,1
1999-04-23,"WI-643451",11.9360418319702,NA,1999,1
1999-04-24,"416",46.4802131652832,NA,1999,1
1999-04-24,"417",46.4802131652832,NA,1999,1
1999-04-24,"WI-683143",13.4659261703491,NA,1999,1
1999-04-24,"aba15",23.5195827484131,NA,1999,1
1999-04-25,"124",21.0211372375488,NA,1999,1
1999-04-25,"7",28.7456893920898,NA,1999,1
1999-04-29,"306",121.5,NA,1999,1
1999-05-01,"MIDAS-5222",15.1417741775513,NA,1999,1
1999-05-04,"aba27",24.3530006408691,NA,1999,1
1999-05-05,"25",15.3680648803711,NA,1999,1
1999-05-17,"aba14",8.26941204071045,NA,1999,1
1999-05-26,"WI-153112",11.4456520080566,NA,1999,1
2000-02-10,"117",29.7950000762939,NA,2000,1
2000-02-14,"393",15.2008066177368,NA,2000,1
2000-02-22,"118",30.4409675598145,NA,2000,1
2000-02-24,"390",50.9158821105957,NA,2000,1
2000-02-24,"391",24.2353992462158,NA,2000,1
2000-02-26,"389",29.4901676177979,NA,2000,1
2000-03-03,"119",15.4270963668823,NA,2000,1
2000-03-04,"94",31.2046871185303,NA,2000,1
2000-03-05,"96",49.5297012329102,NA,2000,1
2000-03-08,"6",309.380187988281,NA,2000,1
2000-03-20,"93",20.5390472412109,NA,2000,1
2000-03-22,"24",70.8475341796875,NA,2000,1
2000-03-22,"400",21.0113639831543,NA,2000,1
2000-03-24,"1",64.5,NA,2000,1
2000-03-30,"115",8.90555572509766,NA,2000,1
2000-04-01,"395",24.4608001708984,NA,2000,1
2000-04-03,"23",27.1758937835693,NA,2000,1
2000-04-21,"31",24.7940006256104,NA,2000,1
2000-04-21,"339",35.1548614501953,NA,2000,1
2000-04-22,"WI-593072",25.2057685852051,NA,2000,1
2000-04-22,"WI-643451",11.9360418319702,NA,2000,1
2000-04-22,"WI-683143",13.4659261703491,NA,2000,1
2000-04-23,"413",17.3584289550781,NA,2000,1
2000-04-23,"414",17.3584289550781,NA,2000,1
2000-04-23,"WI-443210",26.5883331298828,NA,2000,1
2000-04-25,"416",46.4802131652832,NA,2000,1
2000-04-25,"417",46.4802131652832,NA,2000,1
2000-04-25,"7",28.7456893920898,NA,2000,1
2000-04-26,"124",21.0211372375488,NA,2000,1
2000-04-28,"147",9.4544734954834,NA,2000,1
2000-04-28,"15",11.2010869979858,NA,2000,1
2000-04-28,"16",11.2010869979858,NA,2000,1
2000-04-28,"186",12.6126918792725,NA,2000,1
2000-04-28,"192",18.1809463500977,NA,2000,1
2000-04-28,"242",10.1621427536011,NA,2000,1
2000-04-28,"MIDAS-9961",10.1621427536011,NA,2000,1
2000-04-28,"aba27",24.3530006408691,NA,2000,1
2000-04-30,"aba15",23.5195827484131,NA,2000,1
2000-05-02,"306",121.5,NA,2000,1
2000-05-02,"MIDAS-5222",15.1417741775513,NA,2000,1
2000-05-12,"aba14",8.26941204071045,NA,2000,1
2000-06-12,"25",15.3680648803711,NA,2000,1
2000-06-22,"WI-153112",11.4456520080566,NA,2000,1
2001-02-23,"117",29.7950000762939,NA,2001,1
2001-03-04,"393",15.2008066177368,NA,2001,1
2001-03-08,"118",30.4409675598145,NA,2001,1
2001-03-10,"6",309.380187988281,NA,2001,1
2001-03-11,"391",24.2353992462158,NA,2001,1
2001-03-13,"119",15.4270963668823,NA,2001,1
2001-03-18,"24",70.8475341796875,NA,2001,1
2001-03-18,"389",29.4901676177979,NA,2001,1
2001-03-18,"390",50.9158821105957,NA,2001,1
2001-03-22,"1",64.5,NA,2001,1
2001-03-29,"94",31.2046871185303,NA,2001,1
2001-03-31,"23",27.1758937835693,NA,2001,1
2001-04-03,"93",20.5390472412109,NA,2001,1
2001-04-03,"96",49.5297012329102,NA,2001,1
2001-04-05,"400",21.0113639831543,NA,2001,1
2001-04-12,"395",24.4608001708984,NA,2001,1
2001-04-14,"115",8.90555572509766,NA,2001,1
2001-04-15,"aba14",8.26941204071045,NA,2001,1
2001-04-20,"147",9.4544734954834,NA,2001,1
2001-04-20,"15",11.2010869979858,NA,2001,1
2001-04-20,"16",11.2010869979858,NA,2001,1
2001-04-20,"186",12.6126918792725,NA,2001,1
2001-04-20,"242",10.1621427536011,NA,2001,1
2001-04-20,"MIDAS-9961",10.1621427536011,NA,2001,1
2001-04-20,"WI-683143",13.4659261703491,NA,2001,1
2001-04-21,"192",18.1809463500977,NA,2001,1
2001-04-21,"31",24.7940006256104,NA,2001,1
2001-04-21,"413",17.3584289550781,NA,2001,1
2001-04-21,"414",17.3584289550781,NA,2001,1
2001-04-21,"7",28.7456893920898,NA,2001,1
2001-04-22,"124",21.0211372375488,NA,2001,1
2001-04-24,"339",35.1548614501953,NA,2001,1
2001-04-24,"WI-593072",25.2057685852051,NA,2001,1
2001-04-25,"306",121.5,NA,2001,1
2001-04-25,"WI-443210",26.5883331298828,NA,2001,1
2001-04-25,"WI-643451",11.9360418319702,NA,2001,1
2001-04-28,"aba15",23.5195827484131,NA,2001,1
2001-04-30,"MIDAS-5222",15.1417741775513,NA,2001,1
2001-05-02,"25",15.3680648803711,NA,2001,1
2001-05-03,"416",46.4802131652832,NA,2001,1
2001-05-03,"417",46.4802131652832,NA,2001,1
2001-05-07,"aba27",24.3530006408691,NA,2001,1
2001-06-05,"WI-153112",11.4456520080566,NA,2001,1
2002-03-07,"6",309.380187988281,NA,2002,1
2002-03-12,"117",29.7950000762939,NA,2002,1
2002-03-12,"391",24.2353992462158,NA,2002,1
2002-03-12,"393",15.2008066177368,NA,2002,1
2002-03-16,"390",50.9158821105957,NA,2002,1
2002-03-17,"119",15.4270963668823,NA,2002,1
2002-03-17,"24",70.8475341796875,NA,2002,1
2002-03-17,"389",29.4901676177979,NA,2002,1
2002-03-19,"118",30.4409675598145,NA,2002,1
2002-03-27,"400",21.0113639831543,NA,2002,1
2002-03-27,"94",31.2046871185303,NA,2002,1
2002-03-29,"93",20.5390472412109,NA,2002,1
2002-03-29,"96",49.5297012329102,NA,2002,1
2002-03-30,"23",27.1758937835693,NA,2002,1
2002-04-01,"1",64.5,NA,2002,1
2002-04-04,"395",24.4608001708984,NA,2002,1
2002-04-10,"115",8.90555572509766,NA,2002,1
2002-04-13,"15",11.2010869979858,NA,2002,1
2002-04-13,"16",11.2010869979858,NA,2002,1
2002-04-13,"242",10.1621427536011,NA,2002,1
2002-04-13,"MIDAS-9961",10.1621427536011,NA,2002,1
2002-04-13,"WI-683143",13.4659261703491,NA,2002,1
2002-04-14,"124",21.0211372375488,NA,2002,1
2002-04-14,"186",12.6126918792725,NA,2002,1
2002-04-14,"7",28.7456893920898,NA,2002,1
2002-04-15,"192",18.1809463500977,NA,2002,1
2002-04-16,"31",24.7940006256104,NA,2002,1
2002-04-16,"413",17.3584289550781,NA,2002,1
2002-04-16,"414",17.3584289550781,NA,2002,1
2002-04-23,"339",35.1548614501953,NA,2002,1
2002-04-30,"WI-443210",26.5883331298828,NA,2002,1
2002-04-30,"WI-593072",25.2057685852051,NA,2002,1
2002-05-02,"aba27",24.3530006408691,NA,2002,1
2002-05-03,"147",9.4544734954834,NA,2002,1
2002-05-03,"306",121.5,NA,2002,1
2002-05-10,"aba14",8.26941204071045,NA,2002,1
2002-05-11,"aba15",23.5195827484131,NA,2002,1
2002-05-14,"416",46.4802131652832,NA,2002,1
2002-05-14,"417",46.4802131652832,NA,2002,1
2002-05-14,"WI-643451",11.9360418319702,NA,2002,1
2002-05-22,"MIDAS-5222",15.1417741775513,NA,2002,1
2002-05-27,"WI-153112",11.4456520080566,NA,2002,1
2002-06-17,"25",15.3680648803711,NA,2002,1
2003-03-06,"6",309.380187988281,NA,2003,1
2003-03-07,"393",15.2008066177368,NA,2003,1
2003-03-08,"117",29.7950000762939,NA,2003,1
2003-03-13,"118",30.4409675598145,NA,2003,1
2003-03-13,"119",15.4270963668823,NA,2003,1
2003-03-13,"390",50.9158821105957,NA,2003,1
2003-03-13,"391",24.2353992462158,NA,2003,1
2003-03-14,"389",29.4901676177979,NA,2003,1
2003-03-17,"94",31.2046871185303,NA,2003,1
2003-03-21,"24",70.8475341796875,NA,2003,1
2003-03-22,"96",49.5297012329102,NA,2003,1
2003-03-23,"400",21.0113639831543,NA,2003,1
2003-03-27,"1",64.5,NA,2003,1
2003-03-30,"93",20.5390472412109,NA,2003,1
2003-04-05,"115",8.90555572509766,NA,2003,1
2003-04-08,"395",24.4608001708984,NA,2003,1
2003-04-12,"23",27.1758937835693,NA,2003,1
2003-04-18,"15",11.2010869979858,NA,2003,1
2003-04-18,"16",11.2010869979858,NA,2003,1
2003-04-19,"147",9.4544734954834,NA,2003,1
2003-04-19,"186",12.6126918792725,NA,2003,1
2003-04-19,"242",10.1621427536011,NA,2003,1
2003-04-19,"MIDAS-9961",10.1621427536011,NA,2003,1
2003-04-21,"339",35.1548614501953,NA,2003,1
2003-04-22,"31",24.7940006256104,NA,2003,1
2003-04-23,"WI-593072",25.2057685852051,NA,2003,1
2003-04-23,"WI-643451",11.9360418319702,NA,2003,1
2003-04-24,"WI-443210",26.5883331298828,NA,2003,1
2003-04-25,"413",17.3584289550781,NA,2003,1
2003-04-25,"414",17.3584289550781,NA,2003,1
2003-04-25,"WI-683143",13.4659261703491,NA,2003,1
2003-04-26,"7",28.7456893920898,NA,2003,1
2003-04-27,"124",21.0211372375488,NA,2003,1
2003-04-27,"192",18.1809463500977,NA,2003,1
2003-04-27,"306",121.5,NA,2003,1
2003-04-29,"416",46.4802131652832,NA,2003,1
2003-04-29,"417",46.4802131652832,NA,2003,1
2003-04-30,"aba15",23.5195827484131,NA,2003,1
2003-05-07,"MIDAS-5222",15.1417741775513,NA,2003,1
2003-05-12,"aba27",24.3530006408691,NA,2003,1
2003-05-13,"WI-153112",11.4456520080566,NA,2003,1
2003-05-18,"aba14",8.26941204071045,NA,2003,1
2003-06-09,"25",15.3680648803711,NA,2003,1
2004-02-26,"117",29.7950000762939,NA,2004,1
2004-02-29,"393",15.2008066177368,NA,2004,1
2004-03-03,"391",24.2353992462158,NA,2004,1
2004-03-04,"390",50.9158821105957,NA,2004,1
2004-03-05,"119",15.4270963668823,NA,2004,1
2004-03-06,"118",30.4409675598145,NA,2004,1
2004-03-06,"389",29.4901676177979,NA,2004,1
2004-03-15,"6",309.380187988281,NA,2004,1
2004-03-17,"94",31.2046871185303,NA,2004,1
2004-03-20,"1",64.5,NA,2004,1
2004-03-21,"96",49.5297012329102,NA,2004,1
2004-03-22,"395",24.4608001708984,NA,2004,1
2004-03-23,"93",20.5390472412109,NA,2004,1
2004-03-28,"115",8.90555572509766,NA,2004,1
2004-03-29,"24",70.8475341796875,NA,2004,1
2004-04-03,"23",27.1758937835693,NA,2004,1
2004-04-06,"400",21.0113639831543,NA,2004,1
2004-04-13,"31",24.7940006256104,NA,2004,1
2004-04-13,"339",35.1548614501953,NA,2004,1
2004-04-13,"WI-683143",13.4659261703491,NA,2004,1
2004-04-15,"WI-593072",25.2057685852051,NA,2004,1
2004-04-16,"413",17.3584289550781,NA,2004,1
2004-04-16,"414",17.3584289550781,NA,2004,1
2004-04-16,"WI-643451",11.9360418319702,NA,2004,1
2004-04-17,"124",21.0211372375488,NA,2004,1
2004-04-17,"15",11.2010869979858,NA,2004,1
2004-04-17,"16",11.2010869979858,NA,2004,1
2004-04-17,"7",28.7456893920898,NA,2004,1
2004-04-18,"147",9.4544734954834,NA,2004,1
2004-04-18,"186",12.6126918792725,NA,2004,1
2004-04-18,"242",10.1621427536011,NA,2004,1
2004-04-18,"MIDAS-9961",10.1621427536011,NA,2004,1
2004-04-20,"192",18.1809463500977,NA,2004,1
2004-04-23,"WI-443210",26.5883331298828,NA,2004,1
2004-04-28,"aba27",24.3530006408691,NA,2004,1
2004-04-29,"306",121.5,NA,2004,1
2004-05-06,"416",46.4802131652832,NA,2004,1
2004-05-06,"417",46.4802131652832,NA,2004,1
2004-05-10,"aba15",23.5195827484131,NA,2004,1
2004-05-11,"MIDAS-5222",15.1417741775513,NA,2004,1
2004-06-01,"WI-153112",11.4456520080566,NA,2004,1
2004-06-14,"aba14",8.26941204071045,NA,2004,1
2004-06-30,"25",15.3680648803711,NA,2004,1
2005-02-13,"117",29.7950000762939,NA,2005,1
2005-02-13,"393",15.2008066177368,NA,2005,1
2005-02-20,"118",30.4409675598145,NA,2005,1
2005-03-02,"390",50.9158821105957,NA,2005,1
2005-03-02,"391",24.2353992462158,NA,2005,1
2005-03-04,"119",15.4270963668823,NA,2005,1
2005-03-04,"389",29.4901676177979,NA,2005,1
2005-03-14,"6",309.380187988281,NA,2005,1
2005-03-15,"94",31.2046871185303,NA,2005,1
2005-03-22,"1",64.5,NA,2005,1
2005-03-27,"24",70.8475341796875,NA,2005,1
2005-03-27,"96",49.5297012329102,NA,2005,1
2005-03-29,"400",21.0113639831543,NA,2005,1
2005-03-29,"93",20.5390472412109,NA,2005,1
2005-03-31,"23",27.1758937835693,NA,2005,1
2005-04-05,"115",8.90555572509766,NA,2005,1
2005-04-05,"WI-683143",13.4659261703491,NA,2005,1
2005-04-06,"395",24.4608001708984,NA,2005,1
2005-04-11,"339",35.1548614501953,NA,2005,1
2005-04-12,"WI-643451",11.9360418319702,NA,2005,1
2005-04-13,"WI-443210",26.5883331298828,NA,2005,1
2005-04-14,"15",11.2010869979858,NA,2005,1
2005-04-14,"16",11.2010869979858,NA,2005,1
2005-04-14,"31",24.7940006256104,NA,2005,1
2005-04-14,"WI-593072",25.2057685852051,NA,2005,1
2005-04-15,"124",21.0211372375488,NA,2005,1
2005-04-15,"186",12.6126918792725,NA,2005,1
2005-04-15,"7",28.7456893920898,NA,2005,1
2005-04-16,"192",18.1809463500977,NA,2005,1
2005-04-16,"306",121.5,NA,2005,1
2005-04-27,"aba27",24.3530006408691,NA,2005,1
2005-04-28,"413",17.3584289550781,NA,2005,1
2005-04-28,"414",17.3584289550781,NA,2005,1
2005-05-03,"aba15",23.5195827484131,NA,2005,1
2005-05-04,"416",46.4802131652832,NA,2005,1
2005-05-04,"417",46.4802131652832,NA,2005,1
2005-05-20,"WI-153112",11.4456520080566,NA,2005,1
2005-05-27,"242",10.1621427536011,NA,2005,1
2005-05-27,"MIDAS-9961",10.1621427536011,NA,2005,1
2005-05-28,"147",9.4544734954834,NA,2005,1
2005-05-28,"MIDAS-5222",15.1417741775513,NA,2005,1
2005-05-31,"25",15.3680648803711,NA,2005,1
2005-06-14,"aba14",8.26941204071045,NA,2005,1
2006-02-28,"117",29.7950000762939,NA,2006,1
2006-02-28,"393",15.2008066177368,NA,2006,1
2006-03-01,"118",30.4409675598145,NA,2006,1
2006-03-01,"390",50.9158821105957,NA,2006,1
2006-03-01,"391",24.2353992462158,NA,2006,1
2006-03-05,"119",15.4270963668823,NA,2006,1
2006-03-05,"389",29.4901676177979,NA,2006,1
2006-03-09,"94",31.2046871185303,NA,2006,1
2006-03-21,"6",309.380187988281,NA,2006,1
2006-03-25,"96",49.5297012329102,NA,2006,1
2006-03-26,"1",64.5,NA,2006,1
2006-03-29,"400",21.0113639831543,NA,2006,1
2006-03-30,"115",8.90555572509766,NA,2006,1
2006-03-30,"24",70.8475341796875,NA,2006,1
2006-03-31,"93",20.5390472412109,NA,2006,1
2006-04-09,"395",24.4608001708984,NA,2006,1
2006-04-10,"aba14",8.26941204071045,NA,2006,1
2006-04-11,"15",11.2010869979858,NA,2006,1
2006-04-11,"16",11.2010869979858,NA,2006,1
2006-04-11,"242",10.1621427536011,NA,2006,1
2006-04-11,"MIDAS-9961",10.1621427536011,NA,2006,1
2006-04-12,"23",27.1758937835693,NA,2006,1
2006-04-12,"31",24.7940006256104,NA,2006,1
2006-04-12,"339",35.1548614501953,NA,2006,1
2006-04-12,"WI-593072",25.2057685852051,NA,2006,1
2006-04-12,"WI-683143",13.4659261703491,NA,2006,1
2006-04-13,"186",12.6126918792725,NA,2006,1
2006-04-13,"7",28.7456893920898,NA,2006,1
2006-04-13,"WI-643451",11.9360418319702,NA,2006,1
2006-04-14,"192",18.1809463500977,NA,2006,1
2006-04-14,"413",17.3584289550781,NA,2006,1
2006-04-14,"414",17.3584289550781,NA,2006,1
2006-04-14,"WI-443210",26.5883331298828,NA,2006,1
2006-04-17,"124",21.0211372375488,NA,2006,1
2006-04-21,"147",9.4544734954834,NA,2006,1
2006-04-21,"416",46.4802131652832,NA,2006,1
2006-04-21,"417",46.4802131652832,NA,2006,1
2006-04-23,"aba15",23.5195827484131,NA,2006,1
2006-04-27,"306",121.5,NA,2006,1
2006-05-04,"aba27",24.3530006408691,NA,2006,1
2006-05-22,"WI-153112",11.4456520080566,NA,2006,1
2006-05-26,"MIDAS-5222",15.1417741775513,NA,2006,1
2006-06-12,"25",15.3680648803711,NA,2006,1
2007-02-21,"117",29.7950000762939,NA,2007,1
2007-02-26,"393",15.2008066177368,NA,2007,1
2007-03-01,"6",309.380187988281,NA,2007,1
2007-03-05,"24",70.8475341796875,NA,2007,1
2007-03-06,"118",30.4409675598145,NA,2007,1
2007-03-07,"119",15.4270963668823,NA,2007,1
2007-03-07,"390",50.9158821105957,NA,2007,1
2007-03-07,"391",24.2353992462158,NA,2007,1
2007-03-09,"389",29.4901676177979,NA,2007,1
2007-03-12,"94",31.2046871185303,NA,2007,1
2007-03-20,"93",20.5390472412109,NA,2007,1
2007-03-21,"96",49.5297012329102,NA,2007,1
2007-03-23,"400",21.0113639831543,NA,2007,1
2007-03-26,"1",64.5,NA,2007,1
2007-03-31,"23",27.1758937835693,NA,2007,1
2007-03-31,"395",24.4608001708984,NA,2007,1
2007-04-05,"115",8.90555572509766,NA,2007,1
2007-04-18,"31",24.7940006256104,NA,2007,1
2007-04-18,"339",35.1548614501953,NA,2007,1
2007-04-19,"WI-593072",25.2057685852051,NA,2007,1
2007-04-19,"WI-643451",11.9360418319702,NA,2007,1
2007-04-19,"WI-683143",13.4659261703491,NA,2007,1
2007-04-20,"413",17.3584289550781,NA,2007,1
2007-04-20,"414",17.3584289550781,NA,2007,1
2007-04-21,"124",21.0211372375488,NA,2007,1
2007-04-21,"147",9.4544734954834,NA,2007,1
2007-04-21,"15",11.2010869979858,NA,2007,1
2007-04-21,"16",11.2010869979858,NA,2007,1
2007-04-21,"186",12.6126918792725,NA,2007,1
2007-04-21,"192",18.1809463500977,NA,2007,1
2007-04-21,"242",10.1621427536011,NA,2007,1
2007-04-21,"7",28.7456893920898,NA,2007,1
2007-04-21,"MIDAS-9961",10.1621427536011,NA,2007,1
2007-04-22,"WI-443210",26.5883331298828,NA,2007,1
2007-04-22,"aba14",8.26941204071045,NA,2007,1
2007-04-24,"306",121.5,NA,2007,1
2007-04-26,"aba15",23.5195827484131,NA,2007,1
2007-05-03,"aba27",24.3530006408691,NA,2007,1
2007-05-07,"416",46.4802131652832,NA,2007,1
2007-05-07,"417",46.4802131652832,NA,2007,1
2007-05-21,"MIDAS-5222",15.1417741775513,NA,2007,1
2007-05-23,"25",15.3680648803711,NA,2007,1
2007-06-09,"WI-153112",11.4456520080566,NA,2007,1
2008-02-19,"117",29.7950000762939,NA,2008,1
2008-03-10,"118",30.4409675598145,NA,2008,1
2008-03-10,"393",15.2008066177368,NA,2008,1
2008-03-11,"390",50.9158821105957,NA,2008,1
2008-03-11,"391",24.2353992462158,NA,2008,1
2008-03-11,"6",309.380187988281,NA,2008,1
2008-03-12,"119",15.4270963668823,NA,2008,1
2008-03-13,"389",29.4901676177979,NA,2008,1
2008-03-24,"94",31.2046871185303,NA,2008,1
2008-03-26,"24",70.8475341796875,NA,2008,1
2008-03-26,"400",21.0113639831543,NA,2008,1
2008-03-30,"23",27.1758937835693,NA,2008,1
2008-04-01,"1",64.5,NA,2008,1
2008-04-01,"96",49.5297012329102,NA,2008,1
2008-04-05,"93",20.5390472412109,NA,2008,1
2008-04-10,"115",8.90555572509766,NA,2008,1
2008-04-11,"395",24.4608001708984,NA,2008,1
2008-04-15,"242",10.1621427536011,NA,2008,1
2008-04-15,"MIDAS-9961",10.1621427536011,NA,2008,1
2008-04-16,"124",21.0211372375488,NA,2008,1
2008-04-16,"147",9.4544734954834,NA,2008,1
2008-04-16,"15",11.2010869979858,NA,2008,1
2008-04-16,"16",11.2010869979858,NA,2008,1
2008-04-16,"186",12.6126918792725,NA,2008,1
2008-04-16,"192",18.1809463500977,NA,2008,1
2008-04-16,"7",28.7456893920898,NA,2008,1
2008-04-18,"MIDAS-5222",15.1417741775513,NA,2008,1
2008-04-18,"WI-683143",13.4659261703491,NA,2008,1
2008-04-19,"31",24.7940006256104,NA,2008,1
2008-04-19,"413",17.3584289550781,NA,2008,1
2008-04-19,"414",17.3584289550781,NA,2008,1
2008-04-20,"306",121.5,NA,2008,1
2008-04-28,"339",35.1548614501953,NA,2008,1
2008-04-28,"WI-593072",25.2057685852051,NA,2008,1
2008-04-28,"aba27",24.3530006408691,NA,2008,1
2008-04-29,"WI-443210",26.5883331298828,NA,2008,1
2008-05-03,"aba15",23.5195827484131,NA,2008,1
2008-05-04,"WI-643451",11.9360418319702,NA,2008,1
2008-05-05,"416",46.4802131652832,NA,2008,1
2008-05-05,"417",46.4802131652832,NA,2008,1
2008-06-07,"25",15.3680648803711,NA,2008,1
2008-06-12,"aba14",8.26941204071045,NA,2008,1
2008-06-14,"WI-153112",11.4456520080566,NA,2008,1
2009-02-10,"117",29.7950000762939,NA,2009,1
2009-03-04,"393",15.2008066177368,NA,2009,1
2009-03-06,"118",30.4409675598145,NA,2009,1
2009-03-07,"391",24.2353992462158,NA,2009,1
2009-03-08,"119",15.4270963668823,NA,2009,1
2009-03-08,"389",29.4901676177979,NA,2009,1
2009-03-08,"390",50.9158821105957,NA,2009,1
2009-03-13,"6",309.380187988281,NA,2009,1
2009-03-15,"94",31.2046871185303,NA,2009,1
2009-03-16,"96",49.5297012329102,NA,2009,1
2009-03-18,"93",20.5390472412109,NA,2009,1
2009-03-25,"24",70.8475341796875,NA,2009,1
2009-03-31,"400",21.0113639831543,NA,2009,1
2009-04-01,"23",27.1758937835693,NA,2009,1
2009-04-04,"1",64.5,NA,2009,1
2009-04-05,"115",8.90555572509766,NA,2009,1
2009-04-08,"395",24.4608001708984,NA,2009,1
2009-04-14,"339",35.1548614501953,NA,2009,1
2009-04-15,"15",11.2010869979858,NA,2009,1
2009-04-15,"16",11.2010869979858,NA,2009,1
2009-04-16,"147",9.4544734954834,NA,2009,1
2009-04-16,"242",10.1621427536011,NA,2009,1
2009-04-16,"MIDAS-9961",10.1621427536011,NA,2009,1
2009-04-17,"186",12.6126918792725,NA,2009,1
2009-04-18,"192",18.1809463500977,NA,2009,1
2009-04-21,"124",21.0211372375488,NA,2009,1
2009-04-21,"7",28.7456893920898,NA,2009,1
2009-04-23,"31",24.7940006256104,NA,2009,1
2009-04-23,"413",17.3584289550781,NA,2009,1
2009-04-23,"414",17.3584289550781,NA,2009,1
2009-04-23,"WI-683143",13.4659261703491,NA,2009,1
2009-04-24,"306",121.5,NA,2009,1
2009-04-27,"WI-593072",25.2057685852051,NA,2009,1
2009-04-30,"WI-443210",26.5883331298828,NA,2009,1
2009-04-30,"aba27",24.3530006408691,NA,2009,1
2009-05-01,"WI-643451",11.9360418319702,NA,2009,1
2009-05-03,"416",46.4802131652832,NA,2009,1
2009-05-03,"417",46.4802131652832,NA,2009,1
2009-05-03,"aba15",23.5195827484131,NA,2009,1
2009-05-15,"aba14",8.26941204071045,NA,2009,1
2009-05-20,"MIDAS-5222",15.1417741775513,NA,2009,1
2009-06-09,"WI-153112",11.4456520080566,NA,2009,1
2009-06-30,"25",15.3680648803711,NA,2009,1
2010-03-05,"117",29.7950000762939,NA,2010,1
2010-03-05,"393",15.2008066177368,NA,2010,1
2010-03-15,"391",24.2353992462158,NA,2010,1
2010-03-17,"6",309.380187988281,NA,2010,1
2010-03-19,"1",64.5,NA,2010,1
2010-03-22,"118",30.4409675598145,NA,2010,1
2010-03-22,"390",50.9158821105957,NA,2010,1
2010-03-23,"389",29.4901676177979,NA,2010,1
2010-03-25,"119",15.4270963668823,NA,2010,1
2010-03-27,"24",70.8475341796875,NA,2010,1
2010-03-28,"94",31.2046871185303,NA,2010,1
2010-03-30,"93",20.5390472412109,NA,2010,1
2010-03-31,"400",21.0113639831543,NA,2010,1
2010-03-31,"96",49.5297012329102,NA,2010,1
2010-04-01,"15",11.2010869979858,NA,2010,1
2010-04-01,"16",11.2010869979858,NA,2010,1
2010-04-02,"124",21.0211372375488,NA,2010,1
2010-04-02,"147",9.4544734954834,NA,2010,1
2010-04-02,"186",12.6126918792725,NA,2010,1
2010-04-02,"242",10.1621427536011,NA,2010,1
2010-04-02,"7",28.7456893920898,NA,2010,1
2010-04-02,"MIDAS-9961",10.1621427536011,NA,2010,1
2010-04-03,"WI-683143",13.4659261703491,NA,2010,1
2010-04-06,"192",18.1809463500977,NA,2010,1
2010-04-06,"23",27.1758937835693,NA,2010,1
2010-04-08,"339",35.1548614501953,NA,2010,1
2010-04-10,"31",24.7940006256104,NA,2010,1
2010-04-10,"WI-443210",26.5883331298828,NA,2010,1
2010-04-10,"WI-593072",25.2057685852051,NA,2010,1
2010-04-10,"WI-643451",11.9360418319702,NA,2010,1
2010-04-12,"395",24.4608001708984,NA,2010,1
2010-04-14,"115",8.90555572509766,NA,2010,1
2010-04-14,"413",17.3584289550781,NA,2010,1
2010-04-14,"414",17.3584289550781,NA,2010,1
2010-04-17,"416",46.4802131652832,NA,2010,1
2010-04-17,"417",46.4802131652832,NA,2010,1
2010-04-19,"306",121.5,NA,2010,1
2010-04-20,"aba15",23.5195827484131,NA,2010,1
2010-05-07,"aba14",8.26941204071045,NA,2010,1
2010-05-11,"aba27",24.3530006408691,NA,2010,1
2010-05-15,"MIDAS-5222",15.1417741775513,NA,2010,1
2010-05-15,"WI-153112",11.4456520080566,NA,2010,1
2010-05-22,"25",15.3680648803711,NA,2010,1
2011-02-18,"117",29.7950000762939,NA,2011,1
2011-02-18,"393",15.2008066177368,NA,2011,1
2011-03-07,"118",30.4409675598145,NA,2011,1
2011-03-10,"391",24.2353992462158,NA,2011,1
2011-03-11,"119",15.4270963668823,NA,2011,1
2011-03-11,"389",29.4901676177979,NA,2011,1
2011-03-11,"390",50.9158821105957,NA,2011,1
2011-03-17,"6",309.380187988281,NA,2011,1
2011-03-20,"93",20.5390472412109,NA,2011,1
2011-03-20,"94",31.2046871185303,NA,2011,1
2011-03-21,"400",21.0113639831543,NA,2011,1
2011-03-22,"24",70.8475341796875,NA,2011,1
2011-03-25,"23",27.1758937835693,NA,2011,1
2011-03-30,"96",49.5297012329102,NA,2011,1
2011-04-06,"1",64.5,NA,2011,1
2011-04-10,"395",24.4608001708984,NA,2011,1
2011-04-12,"115",8.90555572509766,NA,2011,1
2011-04-24,"147",9.4544734954834,NA,2011,1
2011-04-24,"15",11.2010869979858,NA,2011,1
2011-04-24,"16",11.2010869979858,NA,2011,1
2011-04-24,"186",12.6126918792725,NA,2011,1
2011-04-24,"242",10.1621427536011,NA,2011,1
2011-04-24,"MIDAS-9961",10.1621427536011,NA,2011,1
2011-04-25,"124",21.0211372375488,NA,2011,1
2011-04-25,"7",28.7456893920898,NA,2011,1
2011-04-26,"192",18.1809463500977,NA,2011,1
2011-04-28,"339",35.1548614501953,NA,2011,1
2011-04-28,"WI-683143",13.4659261703491,NA,2011,1
2011-04-29,"306",121.5,NA,2011,1
2011-04-29,"413",17.3584289550781,NA,2011,1
2011-04-29,"414",17.3584289550781,NA,2011,1
2011-04-30,"31",24.7940006256104,NA,2011,1
2011-04-30,"aba15",23.5195827484131,NA,2011,1
2011-05-03,"WI-593072",25.2057685852051,NA,2011,1
2011-05-04,"aba27",24.3530006408691,NA,2011,1
2011-05-05,"416",46.4802131652832,NA,2011,1
2011-05-05,"417",46.4802131652832,NA,2011,1
2011-05-05,"WI-443210",26.5883331298828,NA,2011,1
2011-05-06,"WI-643451",11.9360418319702,NA,2011,1
2011-05-25,"MIDAS-5222",15.1417741775513,NA,2011,1
2011-05-26,"25",15.3680648803711,NA,2011,1
2011-06-04,"WI-153112",11.4456520080566,NA,2011,1
2011-06-19,"aba14",8.26941204071045,NA,2011,1
2012-02-22,"117",29.7950000762939,NA,2012,1
2012-02-22,"393",15.2008066177368,NA,2012,1
2012-02-27,"391",24.2353992462158,NA,2012,1
2012-02-28,"390",50.9158821105957,NA,2012,1
2012-02-29,"118",30.4409675598145,NA,2012,1
2012-02-29,"389",29.4901676177979,NA,2012,1
2012-02-29,"6",309.380187988281,NA,2012,1
2012-03-02,"119",15.4270963668823,NA,2012,1
2012-03-11,"94",31.2046871185303,NA,2012,1
2012-03-12,"400",21.0113639831543,NA,2012,1
2012-03-12,"93",20.5390472412109,NA,2012,1
2012-03-12,"96",49.5297012329102,NA,2012,1
2012-03-16,"24",70.8475341796875,NA,2012,1
2012-03-17,"WI-683143",13.4659261703491,NA,2012,1
2012-03-22,"23",27.1758937835693,NA,2012,1
2012-04-01,"31",24.7940006256104,NA,2012,1
2012-04-02,"115",8.90555572509766,NA,2012,1
2012-04-03,"339",35.1548614501953,NA,2012,1
2012-04-04,"1",64.5,NA,2012,1
2012-04-08,"395",24.4608001708984,NA,2012,1
2012-04-11,"147",9.4544734954834,NA,2012,1
2012-04-11,"15",11.2010869979858,NA,2012,1
2012-04-11,"16",11.2010869979858,NA,2012,1
2012-04-11,"242",10.1621427536011,NA,2012,1
2012-04-11,"MIDAS-9961",10.1621427536011,NA,2012,1
2012-04-11,"WI-443210",26.5883331298828,NA,2012,1
2012-04-11,"WI-593072",25.2057685852051,NA,2012,1
2012-04-12,"186",12.6126918792725,NA,2012,1
2012-04-13,"192",18.1809463500977,NA,2012,1
2012-04-13,"7",28.7456893920898,NA,2012,1
2012-04-14,"124",21.0211372375488,NA,2012,1
2012-04-14,"306",121.5,NA,2012,1
2012-04-23,"416",46.4802131652832,NA,2012,1
2012-04-23,"417",46.4802131652832,NA,2012,1
2012-04-24,"WI-643451",11.9360418319702,NA,2012,1
2012-04-30,"413",17.3584289550781,NA,2012,1
2012-04-30,"414",17.3584289550781,NA,2012,1
2012-05-05,"aba27",24.3530006408691,NA,2012,1
2012-05-07,"aba15",23.5195827484131,NA,2012,1
2012-05-10,"MIDAS-5222",15.1417741775513,NA,2012,1
2012-05-18,"25",15.3680648803711,NA,2012,1
2012-06-02,"WI-153112",11.4456520080566,NA,2012,1
2012-06-10,"aba14",8.26941204071045,NA,2012,1
2013-01-28,"117",29.7950000762939,NA,2013,1
2013-03-08,"393",15.2008066177368,NA,2013,1
2013-03-13,"118",30.4409675598145,NA,2013,1
2013-03-24,"1",64.5,NA,2013,1
2013-03-26,"390",50.9158821105957,NA,2013,1
2013-03-26,"391",24.2353992462158,NA,2013,1
2013-03-27,"389",29.4901676177979,NA,2013,1
2013-03-28,"115",8.90555572509766,NA,2013,1
2013-03-28,"119",15.4270963668823,NA,2013,1
2013-03-28,"94",31.2046871185303,NA,2013,1
2013-03-30,"395",24.4608001708984,NA,2013,1
2013-03-30,"96",49.5297012329102,NA,2013,1
2013-03-31,"6",309.380187988281,NA,2013,1
2013-04-02,"93",20.5390472412109,NA,2013,1
2013-04-03,"24",70.8475341796875,NA,2013,1
2013-04-05,"400",21.0113639831543,NA,2013,1
2013-04-09,"23",27.1758937835693,NA,2013,1
2013-04-18,"15",11.2010869979858,NA,2013,1
2013-04-18,"16",11.2010869979858,NA,2013,1
2013-04-19,"186",12.6126918792725,NA,2013,1
2013-04-23,"7",28.7456893920898,NA,2013,1
2013-04-25,"124",21.0211372375488,NA,2013,1
2013-04-25,"147",9.4544734954834,NA,2013,1
2013-04-25,"242",10.1621427536011,NA,2013,1
2013-04-25,"MIDAS-9961",10.1621427536011,NA,2013,1
2013-04-26,"192",18.1809463500977,NA,2013,1
2013-04-26,"306",121.5,NA,2013,1
2013-04-27,"31",24.7940006256104,NA,2013,1
2013-04-27,"MIDAS-5222",15.1417741775513,NA,2013,1
2013-04-27,"WI-593072",25.2057685852051,NA,2013,1
2013-04-27,"WI-643451",11.9360418319702,NA,2013,1
2013-04-27,"WI-683143",13.4659261703491,NA,2013,1
2013-04-28,"413",17.3584289550781,NA,2013,1
2013-04-28,"414",17.3584289550781,NA,2013,1
2013-05-01,"aba14",8.26941204071045,NA,2013,1
2013-05-04,"339",35.1548614501953,NA,2013,1
2013-05-04,"WI-443210",26.5883331298828,NA,2013,1
2013-05-04,"aba15",23.5195827484131,NA,2013,1
2013-05-08,"aba27",24.3530006408691,NA,2013,1
2013-05-14,"416",46.4802131652832,NA,2013,1
2013-05-14,"417",46.4802131652832,NA,2013,1
2013-05-30,"25",15.3680648803711,NA,2013,1
2013-06-07,"WI-153112",11.4456520080566,NA,2013,1
2014-03-06,"6",309.380187988281,NA,2014,1
2014-03-09,"117",29.7950000762939,NA,2014,1
2014-03-09,"393",15.2008066177368,NA,2014,1
2014-03-10,"24",70.8475341796875,NA,2014,1
2014-03-18,"391",24.2353992462158,NA,2014,1
2014-03-20,"1",64.5,NA,2014,1
2014-03-21,"389",29.4901676177979,NA,2014,1
2014-03-21,"390",50.9158821105957,NA,2014,1
2014-03-23,"118",30.4409675598145,NA,2014,1
2014-03-27,"119",15.4270963668823,NA,2014,1
2014-03-28,"23",27.1758937835693,NA,2014,1
2014-04-01,"400",21.0113639831543,NA,2014,1
2014-04-01,"94",31.2046871185303,NA,2014,1
2014-04-04,"115",8.90555572509766,NA,2014,1
2014-04-05,"395",24.4608001708984,NA,2014,1
2014-04-05,"93",20.5390472412109,NA,2014,1
2014-04-05,"96",49.5297012329102,NA,2014,1
2014-04-19,"15",11.2010869979858,NA,2014,1
2014-04-19,"16",11.2010869979858,NA,2014,1
2014-04-21,"186",12.6126918792725,NA,2014,1
2014-04-25,"124",21.0211372375488,NA,2014,1
2014-04-25,"7",28.7456893920898,NA,2014,1
2014-04-26,"aba27",24.3530006408691,NA,2014,1
2014-05-01,"192",18.1809463500977,NA,2014,1
2014-05-01,"31",24.7940006256104,NA,2014,1
2014-05-02,"147",9.4544734954834,NA,2014,1
2014-05-02,"242",10.1621427536011,NA,2014,1
2014-05-02,"306",121.5,NA,2014,1
2014-05-02,"MIDAS-9961",10.1621427536011,NA,2014,1
2014-05-03,"339",35.1548614501953,NA,2014,1
2014-05-03,"413",17.3584289550781,NA,2014,1
2014-05-03,"414",17.3584289550781,NA,2014,1
2014-05-04,"MIDAS-5222",15.1417741775513,NA,2014,1
2014-05-05,"WI-593072",25.2057685852051,NA,2014,1
2014-05-05,"WI-683143",13.4659261703491,NA,2014,1
2014-05-08,"WI-443210",26.5883331298828,NA,2014,1
2014-05-08,"WI-643451",11.9360418319702,NA,2014,1
2014-05-13,"aba15",23.5195827484131,NA,2014,1
2014-05-16,"416",46.4802131652832,NA,2014,1
2014-05-16,"417",46.4802131652832,NA,2014,1
2014-05-21,"WI-153112",11.4456520080566,NA,2014,1
2014-05-22,"25",15.3680648803711,NA,2014,1
2014-06-18,"aba14",8.26941204071045,NA,2014,1
2015-03-06,"1",64.5,NA,2015,1
2015-03-10,"117",29.7950000762939,NA,2015,1
2015-03-10,"118",30.4409675598145,NA,2015,1
2015-03-10,"6",309.380187988281,NA,2015,1
2015-03-13,"393",15.2008066177368,NA,2015,1
2015-03-14,"390",50.9158821105957,NA,2015,1
2015-03-15,"119",15.4270963668823,NA,2015,1
2015-03-15,"391",24.2353992462158,NA,2015,1
2015-03-18,"24",70.8475341796875,NA,2015,1
2015-03-19,"389",29.4901676177979,NA,2015,1
2015-03-21,"94",31.2046871185303,NA,2015,1
2015-03-25,"93",20.5390472412109,NA,2015,1
2015-03-26,"115",8.90555572509766,NA,2015,1
2015-03-26,"395",24.4608001708984,NA,2015,1
2015-03-29,"23",27.1758937835693,NA,2015,1
2015-03-29,"96",49.5297012329102,NA,2015,1
2015-04-01,"400",21.0113639831543,NA,2015,1
2015-04-13,"WI-683143",13.4659261703491,NA,2015,1
2015-04-14,"31",24.7940006256104,NA,2015,1
2015-04-14,"339",35.1548614501953,NA,2015,1
2015-04-15,"147",9.4544734954834,NA,2015,1
2015-04-15,"15",11.2010869979858,NA,2015,1
2015-04-15,"16",11.2010869979858,NA,2015,1
2015-04-15,"242",10.1621427536011,NA,2015,1
2015-04-15,"MIDAS-9961",10.1621427536011,NA,2015,1
2015-04-16,"aba14",8.26941204071045,NA,2015,1
2015-04-18,"186",12.6126918792725,NA,2015,1
2015-04-22,"192",18.1809463500977,NA,2015,1
2015-04-23,"413",17.3584289550781,NA,2015,1
2015-04-23,"414",17.3584289550781,NA,2015,1
2015-04-25,"WI-443210",26.5883331298828,NA,2015,1
2015-04-25,"WI-593072",25.2057685852051,NA,2015,1
2015-04-26,"416",46.4802131652832,NA,2015,1
2015-04-26,"417",46.4802131652832,NA,2015,1
2015-04-26,"WI-643451",11.9360418319702,NA,2015,1
2015-04-28,"124",21.0211372375488,NA,2015,1
2015-04-28,"7",28.7456893920898,NA,2015,1
2015-04-28,"aba15",23.5195827484131,NA,2015,1
2015-04-30,"306",121.5,NA,2015,1
2015-05-02,"MIDAS-5222",15.1417741775513,NA,2015,1
2015-05-02,"aba27",24.3530006408691,NA,2015,1
2015-06-08,"WI-153112",11.4456520080566,NA,2015,1
2015-06-13,"25",15.3680648803711,NA,2015,1
2016-02-14,"117",29.7950000762939,NA,2016,1
2016-02-19,"118",30.4409675598145,NA,2016,1
2016-02-19,"393",15.2008066177368,NA,2016,1
2016-02-29,"391",24.2353992462158,NA,2016,1
2016-03-02,"390",50.9158821105957,NA,2016,1
2016-03-03,"119",15.4270963668823,NA,2016,1
2016-03-03,"389",29.4901676177979,NA,2016,1
2016-03-08,"94",31.2046871185303,NA,2016,1
2016-03-09,"93",20.5390472412109,NA,2016,1
2016-03-09,"96",49.5297012329102,NA,2016,1
2016-03-11,"6",309.380187988281,NA,2016,1
2016-03-18,"1",64.5,NA,2016,1
2016-03-20,"24",70.8475341796875,NA,2016,1
2016-03-22,"400",21.0113639831543,NA,2016,1
2016-03-27,"23",27.1758937835693,NA,2016,1
2016-03-30,"115",8.90555572509766,NA,2016,1
2016-03-31,"395",24.4608001708984,NA,2016,1
2016-04-14,"7",28.7456893920898,NA,2016,1
2016-04-15,"124",21.0211372375488,NA,2016,1
2016-04-15,"31",24.7940006256104,NA,2016,1
2016-04-15,"WI-683143",13.4659261703491,NA,2016,1
2016-04-16,"147",9.4544734954834,NA,2016,1
2016-04-16,"15",11.2010869979858,NA,2016,1
2016-04-16,"16",11.2010869979858,NA,2016,1
2016-04-16,"186",12.6126918792725,NA,2016,1
2016-04-16,"242",10.1621427536011,NA,2016,1
2016-04-16,"339",35.1548614501953,NA,2016,1
2016-04-16,"413",17.3584289550781,NA,2016,1
2016-04-16,"414",17.3584289550781,NA,2016,1
2016-04-16,"MIDAS-9961",10.1621427536011,NA,2016,1
2016-04-16,"WI-593072",25.2057685852051,NA,2016,1
2016-04-16,"WI-643451",11.9360418319702,NA,2016,1
2016-04-17,"192",18.1809463500977,NA,2016,1
2016-04-20,"306",121.5,NA,2016,1
2016-04-20,"WI-443210",26.5883331298828,NA,2016,1
2016-04-21,"MIDAS-5222",15.1417741775513,NA,2016,1
2016-04-27,"aba15",23.5195827484131,NA,2016,1
2016-05-01,"416",46.4802131652832,NA,2016,1
2016-05-01,"417",46.4802131652832,NA,2016,1
2016-05-03,"aba27",24.3530006408691,NA,2016,1
2016-05-17,"WI-153112",11.4456520080566,NA,2016,1
2016-05-18,"25",15.3680648803711,NA,2016,1
2016-05-28,"aba14",8.26941204071045,NA,2016,1
2017-02-06,"117",29.7950000762939,NA,2017,1
2017-02-10,"393",15.2008066177368,NA,2017,1
2017-02-16,"391",24.2353992462158,NA,2017,1
2017-02-17,"390",50.9158821105957,NA,2017,1
2017-02-18,"118",30.4409675598145,NA,2017,1
2017-02-18,"389",29.4901676177979,NA,2017,1
2017-02-19,"119",15.4270963668823,NA,2017,1
2017-02-28,"94",31.2046871185303,NA,2017,1
2017-03-06,"96",49.5297012329102,NA,2017,1
2017-03-08,"6",309.380187988281,NA,2017,1
2017-03-14,"24",70.8475341796875,NA,2017,1
2017-03-18,"93",20.5390472412109,NA,2017,1
2017-03-19,"23",27.1758937835693,NA,2017,1
2017-03-24,"400",21.0113639831543,NA,2017,1
2017-03-30,"1",64.5,NA,2017,1
2017-04-01,"115",8.90555572509766,NA,2017,1
2017-04-04,"395",24.4608001708984,NA,2017,1
2017-04-10,"147",9.4544734954834,NA,2017,1
2017-04-11,"242",10.1621427536011,NA,2017,1
2017-04-11,"MIDAS-9961",10.1621427536011,NA,2017,1
2017-04-14,"15",11.2010869979858,NA,2017,1
2017-04-14,"16",11.2010869979858,NA,2017,1
2017-04-14,"339",35.1548614501953,NA,2017,1
2017-04-14,"WI-683143",13.4659261703491,NA,2017,1
2017-04-15,"186",12.6126918792725,NA,2017,1
2017-04-15,"31",24.7940006256104,NA,2017,1
2017-04-15,"413",17.3584289550781,NA,2017,1
2017-04-15,"414",17.3584289550781,NA,2017,1
2017-04-16,"192",18.1809463500977,NA,2017,1
2017-04-16,"7",28.7456893920898,NA,2017,1
2017-04-20,"124",21.0211372375488,NA,2017,1
2017-04-21,"WI-443210",26.5883331298828,NA,2017,1
2017-04-21,"WI-593072",25.2057685852051,NA,2017,1
2017-04-27,"306",121.5,NA,2017,1
2017-04-30,"aba15",23.5195827484131,NA,2017,1
2017-05-02,"WI-643451",11.9360418319702,NA,2017,1
2017-05-02,"aba14",8.26941204071045,NA,2017,1
2017-05-03,"416",46.4802131652832,NA,2017,1
2017-05-03,"417",46.4802131652832,NA,2017,1
2017-05-10,"aba27",24.3530006408691,NA,2017,1
2017-05-17,"MIDAS-5222",15.1417741775513,NA,2017,1
2017-05-26,"WI-153112",11.4456520080566,NA,2017,1
2017-06-26,"25",15.3680648803711,NA,2017,1
2018-02-22,"393",15.2008066177368,NA,2018,1
2018-02-24,"117",29.7950000762939,NA,2018,1
2018-02-28,"391",24.2353992462158,NA,2018,1
2018-03-05,"118",30.4409675598145,NA,2018,1
2018-03-07,"119",15.4270963668823,NA,2018,1
2018-03-08,"390",50.9158821105957,NA,2018,1
2018-03-09,"389",29.4901676177979,NA,2018,1
2018-03-18,"94",31.2046871185303,NA,2018,1
2018-03-21,"6",309.380187988281,NA,2018,1
2018-03-27,"24",70.8475341796875,NA,2018,1
2018-03-28,"1",64.5,NA,2018,1
2018-03-31,"400",21.0113639831543,NA,2018,1
2018-04-04,"96",49.5297012329102,NA,2018,1
2018-04-05,"23",27.1758937835693,NA,2018,1
2018-04-08,"395",24.4608001708984,NA,2018,1
2018-04-11,"93",20.5390472412109,NA,2018,1
2018-04-14,"115",8.90555572509766,NA,2018,1
2018-04-19,"aba14",8.26941204071045,NA,2018,1
2018-04-21,"WI-683143",13.4659261703491,NA,2018,1
2018-04-22,"147",9.4544734954834,NA,2018,1
2018-04-22,"242",10.1621427536011,NA,2018,1
2018-04-22,"31",24.7940006256104,NA,2018,1
2018-04-22,"MIDAS-9961",10.1621427536011,NA,2018,1
2018-04-23,"15",11.2010869979858,NA,2018,1
2018-04-23,"16",11.2010869979858,NA,2018,1
2018-04-23,"186",12.6126918792725,NA,2018,1
2018-04-23,"7",28.7456893920898,NA,2018,1
2018-04-26,"192",18.1809463500977,NA,2018,1
2018-04-26,"413",17.3584289550781,NA,2018,1
2018-04-26,"414",17.3584289550781,NA,2018,1
2018-04-26,"WI-593072",25.2057685852051,NA,2018,1
2018-04-28,"339",35.1548614501953,NA,2018,1
2018-04-29,"WI-643451",11.9360418319702,NA,2018,1
2018-04-30,"306",121.5,NA,2018,1
2018-04-30,"MIDAS-5222",15.1417741775513,NA,2018,1
2018-05-01,"124",21.0211372375488,NA,2018,1
2018-05-01,"WI-443210",26.5883331298828,NA,2018,1
2018-05-02,"416",46.4802131652832,NA,2018,1
2018-05-02,"417",46.4802131652832,NA,2018,1
2018-05-02,"aba15",23.5195827484131,NA,2018,1
2018-05-05,"aba27",24.3530006408691,NA,2018,1
2018-05-12,"WI-153112",11.4456520080566,NA,2018,1
2018-06-30,"25",15.3680648803711,NA,2018,1
2019-02-27,"6",309.380187988281,NA,2019,1
2019-03-08,"117",29.7950000762939,NA,2019,1
2019-03-10,"393",15.2008066177368,NA,2019,1
2019-03-16,"1",64.5,NA,2019,1
2019-03-16,"118",30.4409675598145,NA,2019,1
2019-03-16,"119",15.4270963668823,NA,2019,1
2019-03-16,"24",70.8475341796875,NA,2019,1
2019-03-16,"391",24.2353992462158,NA,2019,1
2019-03-17,"389",29.4901676177979,NA,2019,1
2019-03-17,"390",50.9158821105957,NA,2019,1
2019-03-21,"94",31.2046871185303,NA,2019,1
2019-03-22,"23",27.1758937835693,NA,2019,1
2019-03-27,"400",21.0113639831543,NA,2019,1
2019-03-27,"96",49.5297012329102,NA,2019,1
2019-03-30,"115",8.90555572509766,NA,2019,1
2019-03-31,"93",20.5390472412109,NA,2019,1
2019-04-11,"395",24.4608001708984,NA,2019,1
2019-04-19,"339",35.1548614501953,NA,2019,1
2019-04-20,"124",21.0211372375488,NA,2019,1
2019-04-20,"31",24.7940006256104,NA,2019,1
2019-04-20,"7",28.7456893920898,NA,2019,1
2019-04-20,"WI-593072",25.2057685852051,NA,2019,1
2019-04-20,"WI-683143",13.4659261703491,NA,2019,1
2019-04-21,"15",11.2010869979858,NA,2019,1
2019-04-21,"16",11.2010869979858,NA,2019,1
2019-04-23,"413",17.3584289550781,NA,2019,1
2019-04-23,"414",17.3584289550781,NA,2019,1
2019-04-27,"186",12.6126918792725,NA,2019,1
2019-04-29,"306",121.5,NA,2019,1
2019-05-02,"WI-443210",26.5883331298828,NA,2019,1
2019-05-02,"WI-643451",11.9360418319702,NA,2019,1
2019-05-03,"192",18.1809463500977,NA,2019,1
2019-05-04,"147",9.4544734954834,NA,2019,1
2019-05-04,"242",10.1621427536011,NA,2019,1
2019-05-04,"MIDAS-5222",15.1417741775513,NA,2019,1
2019-05-04,"MIDAS-9961",10.1621427536011,NA,2019,1
2019-05-04,"aba27",24.3530006408691,NA,2019,1
2019-05-05,"416",46.4802131652832,NA,2019,1
2019-05-05,"417",46.4802131652832,NA,2019,1
2019-05-06,"aba15",23.5195827484131,NA,2019,1
2019-05-29,"WI-153112",11.4456520080566,NA,2019,1
2019-05-30,"25",15.3680648803711,NA,2019,1
2019-06-24,"aba14",8.26941204071045,NA,2019,1
2020-02-28,"117",29.7950000762939,NA,2020,1
2020-03-01,"393",15.2008066177368,NA,2020,1
2020-03-02,"118",30.4409675598145,NA,2020,1
2020-03-02,"119",15.4270963668823,NA,2020,1
2020-03-02,"390",50.9158821105957,NA,2020,1
2020-03-02,"391",24.2353992462158,NA,2020,1
2020-03-09,"389",29.4901676177979,NA,2020,1
2020-03-10,"6",309.380187988281,NA,2020,1
2020-03-12,"24",70.8475341796875,NA,2020,1
2020-03-18,"400",21.0113639831543,NA,2020,1
2020-03-18,"94",31.2046871185303,NA,2020,1
2020-03-24,"96",49.5297012329102,NA,2020,1
2020-03-25,"93",20.5390472412109,NA,2020,1
2020-04-02,"23",27.1758937835693,NA,2020,1
2020-04-03,"1",64.5,NA,2020,1
2020-04-06,"395",24.4608001708984,NA,2020,1
2020-04-08,"115",8.90555572509766,NA,2020,1
2020-04-22,"339",35.1548614501953,NA,2020,1
2020-04-25,"31",24.7940006256104,NA,2020,1
2020-04-27,"WI-683143",13.4659261703491,NA,2020,1
2020-04-30,"413",17.3584289550781,NA,2020,1
2020-04-30,"414",17.3584289550781,NA,2020,1
2020-04-30,"WI-643451",11.9360418319702,NA,2020,1
2020-05-01,"124",21.0211372375488,NA,2020,1
2020-05-01,"15",11.2010869979858,NA,2020,1
2020-05-01,"16",11.2010869979858,NA,2020,1
2020-05-01,"7",28.7456893920898,NA,2020,1
2020-05-01,"WI-443210",26.5883331298828,NA,2020,1
2020-05-01,"WI-593072",25.2057685852051,NA,2020,1
2020-05-02,"186",12.6126918792725,NA,2020,1
2020-05-02,"242",10.1621427536011,NA,2020,1
2020-05-02,"306",121.5,NA,2020,1
2020-05-02,"MIDAS-9961",10.1621427536011,NA,2020,1
2020-05-03,"192",18.1809463500977,NA,2020,1
2020-05-03,"416",46.4802131652832,NA,2020,1
2020-05-03,"417",46.4802131652832,NA,2020,1
2020-05-03,"aba27",24.3530006408691,NA,2020,1
2020-05-04,"aba15",23.5195827484131,NA,2020,1
2020-05-16,"147",9.4544734954834,NA,2020,1
2020-05-17,"MIDAS-5222",15.1417741775513,NA,2020,1
2020-05-20,"WI-153112",11.4456520080566,NA,2020,1
2020-06-14,"25",15.3680648803711,NA,2020,1
2020-06-17,"aba14",8.26941204071045,NA,2020,1
2021-02-24,"6",309.380187988281,NA,2021,1
2021-03-01,"117",29.7950000762939,NA,2021,1
2021-03-03,"393",15.2008066177368,NA,2021,1
2021-03-11,"118",30.4409675598145,NA,2021,1
2021-03-11,"391",24.2353992462158,NA,2021,1
2021-03-12,"119",15.4270963668823,NA,2021,1
2021-03-13,"390",50.9158821105957,NA,2021,1
2021-03-14,"389",29.4901676177979,NA,2021,1
2021-03-19,"400",21.0113639831543,NA,2021,1
2021-03-23,"94",31.2046871185303,NA,2021,1
2021-03-24,"24",70.8475341796875,NA,2021,1
2021-03-25,"93",20.5390472412109,NA,2021,1
2021-03-25,"96",49.5297012329102,NA,2021,1
2021-03-29,"1",64.5,NA,2021,1
2021-03-29,"23",27.1758937835693,NA,2021,1
2021-04-02,"115",8.90555572509766,NA,2021,1
2021-04-02,"395",24.4608001708984,NA,2021,1
2021-04-05,"WI-683143",13.4659261703491,NA,2021,1
2021-04-06,"31",24.7940006256104,NA,2021,1
2021-04-06,"413",17.3584289550781,NA,2021,1
2021-04-06,"414",17.3584289550781,NA,2021,1
2021-04-08,"147",9.4544734954834,NA,2021,1
2021-04-08,"15",11.2010869979858,NA,2021,1
2021-04-08,"16",11.2010869979858,NA,2021,1
2021-04-08,"186",12.6126918792725,NA,2021,1
2021-04-08,"242",10.1621427536011,NA,2021,1
2021-04-08,"MIDAS-9961",10.1621427536011,NA,2021,1
2021-04-15,"WI-593072",25.2057685852051,NA,2021,1
2021-04-16,"339",35.1548614501953,NA,2021,1
2021-04-18,"192",18.1809463500977,NA,2021,1
2021-04-23,"WI-443210",26.5883331298828,NA,2021,1
2021-04-24,"124",21.0211372375488,NA,2021,1
2021-04-24,"7",28.7456893920898,NA,2021,1
2021-04-27,"306",121.5,NA,2021,1
2021-04-27,"WI-643451",11.9360418319702,NA,2021,1
2021-04-30,"416",46.4802131652832,NA,2021,1
2021-04-30,"417",46.4802131652832,NA,2021,1
2021-05-03,"aba15",23.5195827484131,NA,2021,1
2021-05-07,"MIDAS-5222",15.1417741775513,NA,2021,1
2021-05-11,"aba27",24.3530006408691,NA,2021,1
2021-05-25,"aba14",8.26941204071045,NA,2021,1
2021-05-29,"WI-153112",11.4456520080566,NA,2021,1
2021-06-29,"25",15.3680648803711,NA,2021,1
