"Year","LakeID","hylak_id","Temp_C_SURF","Temp_C_BOT"
1980,"1",8478,21.232313927339,5.47665232332063
1980,"115",730,24.0764947713391,15.2877709090526
1980,"117",825,32.392698147312,9.56080211178027
1980,"118",9358,31.3128529647494,9.2295153879784
1980,"119",112796,32.2606487934061,14.4353201916115
1980,"124",9102,24.8588684959689,8.25135636596808
1980,"147",8931,25.0904134535941,16.6000801949407
1980,"15",9017,25.0989145649525,14.11992081546
1980,"16",9017,25.0989145649525,14.11992081546
1980,"186",110227,25.6690995148719,11.7970045048167
1980,"192",110740,24.9351464424996,12.1016584426792
1980,"23",170136,19.7536085732953,5.8549269868368
1980,"24",14185,22.2975771637786,4.56056011083874
1980,"242",110435,26.0450042670777,17.0893415294275
1980,"25",1045611,20.3429370818718,18.7641207226835
1980,"306",64,23.5809413421221,4.19128623930975
1980,"31",9086,27.3561982547459,6.65184905316353
1980,"339",8906,26.5432375621183,5.7595649166876
1980,"389",9313,30.6086175953542,8.54992731267448
1980,"390",808,31.6894674211621,5.73932528846375
1980,"391",9322,31.0911568299998,9.81386132828631
1980,"393",9373,33.4438866263455,13.9567811072269
1980,"395",110899,22.6017964483161,7.08624189791916
1980,"400",9288,28.250784805941,9.15360024047416
1980,"413",9025,25.4730737172517,10.4060553278564
1980,"414",9025,25.4730737172517,10.4060553278564
1980,"416",738,23.3579589635264,5.21406213351316
1980,"417",738,23.3579589635264,5.21406213351316
1980,"6",1275,22.9735623211031,5.09222421702376
1980,"7",111593,25.7079083975059,6.80967111512201
1980,"93",9219,30.2518808793733,10.5761581899696
1980,"94",9273,30.4023472227754,7.43342837519956
1980,"96",796,30.7379336482599,5.65990959120229
1980,"MIDAS-5222",110665,23.2030714606809,14.9264253419551
1980,"MIDAS-9961",110435,26.0450042670777,17.0893415294275
1980,"WI-153112",109602,24.6984472643849,19.743668671367
1980,"WI-443210",8772,24.3195961581475,7.30257600716713
1980,"WI-593072",8939,25.3620988288357,6.79457294329104
1980,"WI-643451",108132,24.4240561841311,13.073171991949
1980,"WI-683143",111096,26.9432991549931,12.7373061372915
1980,"aba14",1038367,24.2264357261293,19.8208540115928
1980,"aba15",6632,21.0624052082003,6.70117689364089
1980,"aba27",12809,20.7968941213801,7.60308447856255
1981,"1",8478,22.4289076335413,6.81900593137145
1981,"115",730,25.7035177932522,15.6838933911635
1981,"117",825,32.1851172557373,8.65080439847898
1981,"118",9358,30.7973950366324,8.71441279310032
1981,"119",112796,31.1495521191858,15.5575423322984
1981,"124",9102,24.1012003596161,9.35317214080332
1981,"147",8931,25.0434075546126,16.6279497202095
1981,"15",9017,25.2257834515586,14.6547260082559
1981,"16",9017,25.2257834515586,14.6547260082559
1981,"186",110227,25.4568772036813,12.7382016500198
1981,"192",110740,24.7802570132764,12.0950492445208
1981,"23",170136,20.3158360321332,5.88299948507845
1981,"24",14185,22.9815294167809,4.54140789469041
1981,"242",110435,25.7168620690655,17.58076982809
1981,"25",1045611,20.3309084863439,18.725109174116
1981,"306",64,23.7462910295699,4.2758965201643
1981,"31",9086,26.2493935169452,8.44353179344557
1981,"339",8906,26.2929772111426,6.73065479344212
1981,"389",9313,29.9017831298393,8.06692046170739
1981,"390",808,30.3937943468511,5.6290139045006
1981,"391",9322,29.9508541919369,9.34057752168057
1981,"393",9373,32.0281218431842,13.5527335328451
1981,"395",110899,23.7789021395475,7.46617518927603
1981,"400",9288,26.51588736725,8.90206421597332
1981,"413",9025,25.661200915616,12.3261913133373
1981,"414",9025,25.661200915616,12.3261913133373
1981,"416",738,24.1129892848395,5.41831714489285
1981,"417",738,24.1129892848395,5.41831714489285
1981,"6",1275,23.2511527830783,4.9886200217236
1981,"7",111593,25.352177332026,7.68998963051594
1981,"93",9219,29.7235882988506,11.6144279348143
1981,"94",9273,30.2509340491615,7.54963776390566
1981,"96",796,30.4355351400924,5.82141046736802
1981,"MIDAS-5222",110665,23.2124065949598,16.6945626882809
1981,"MIDAS-9961",110435,25.7168620690655,17.58076982809
1981,"WI-153112",109602,25.1734891738253,21.9321066488565
1981,"WI-443210",8772,24.4409011517382,7.98661564466113
1981,"WI-593072",8939,25.1658450676673,7.63366185385499
1981,"WI-643451",108132,24.6627749738503,13.4988898158519
1981,"WI-683143",111096,26.2762926499424,15.4736131971858
1981,"aba14",1038367,25.1533536275639,21.4225764624518
1981,"aba15",6632,22.3928285750601,6.60390763214803
1981,"aba27",12809,19.616648020304,6.81858225507786
1982,"1",8478,21.7212843262535,6.09369053492758
1982,"115",730,24.834624591672,15.2953656065976
1982,"117",825,32.3838229040101,8.28174200399395
1982,"118",9358,31.108773401005,8.08537717183644
1982,"119",112796,31.6449656902893,14.4560987012867
1982,"124",9102,23.7285080423333,8.20773110546322
1982,"147",8931,24.2078599992356,16.2946218185919
1982,"15",9017,24.3340270630967,13.9111454710872
1982,"16",9017,24.3340270630967,13.9111454710872
1982,"186",110227,24.7585605145657,11.9709671085195
1982,"192",110740,24.1950210278657,11.6939545893441
1982,"23",170136,20.7660127428274,5.79865846993752
1982,"24",14185,23.4721962148433,4.52847332757303
1982,"242",110435,25.125379243867,16.929844615492
1982,"25",1045611,20.0417131330859,18.6920412406534
1982,"306",64,23.6501546586359,4.19096605376531
1982,"31",9086,26.3425026478576,7.52357078494777
1982,"339",8906,26.7409843592564,6.56218223955891
1982,"389",9313,29.6403711093043,8.09604499742007
1982,"390",808,30.3350719767419,5.65570692127852
1982,"391",9322,29.6959872313113,9.35561116146573
1982,"393",9373,32.3629472208655,13.6165052291783
1982,"395",110899,23.2713697078046,7.18146122920654
1982,"400",9288,26.50111672856,10.0237263867557
1982,"413",9025,25.0386346816717,10.5683581752778
1982,"414",9025,25.0386346816717,10.5683581752778
1982,"416",738,23.9570492783041,5.02781666283784
1982,"417",738,23.9570492783041,5.02781666283784
1982,"6",1275,24.0348870513248,4.90234984659076
1982,"7",111593,24.8416377309403,6.96436335229678
1982,"93",9219,29.8672533966005,10.6632931142392
1982,"94",9273,28.9224865970454,7.21087085232391
1982,"96",796,29.3252410879557,5.61058454442881
1982,"MIDAS-5222",110665,22.5888003069228,13.8474648190152
1982,"MIDAS-9961",110435,25.125379243867,16.929844615492
1982,"WI-153112",109602,24.4624695098233,19.4507550441985
1982,"WI-443210",8772,23.935661574865,7.14398390710377
1982,"WI-593072",8939,25.3155036367404,7.17311611166217
1982,"WI-643451",108132,23.968115823998,12.4671249758122
1982,"WI-683143",111096,26.0832742875234,13.4122964312696
1982,"aba14",1038367,24.73560822069,20.6555235076342
1982,"aba15",6632,20.529474136691,7.13622629199243
1982,"aba27",12809,20.2575812761377,8.45391639718551
1983,"1",8478,21.6715274007651,6.4478173063889
1983,"115",730,24.7849176700715,15.5279392670178
1983,"117",825,32.0108928989785,8.99970862684323
1983,"118",9358,31.4089956595868,9.06546564245191
1983,"119",112796,32.2149100278855,14.9840603299239
1983,"124",9102,24.9994870254992,7.93129265810697
1983,"147",8931,25.2378868040898,16.3193881857812
1983,"15",9017,25.3809982479539,13.4147169147519
1983,"16",9017,25.3809982479539,13.4147169147519
1983,"186",110227,25.6732053826027,11.4303221720541
1983,"192",110740,24.7661499918154,11.8056980701808
1983,"23",170136,21.213690282077,5.86191926009848
1983,"24",14185,23.8647842429426,4.5561071127781
1983,"242",110435,25.8809645997916,16.7128120727923
1983,"25",1045611,20.4601178611159,15.2225972626407
1983,"306",64,24.0314661245726,4.18330911099516
1983,"31",9086,27.8764439902221,6.64772554377376
1983,"339",8906,28.152522956192,5.52417035089875
1983,"389",9313,30.4155249396129,8.88035931145321
1983,"390",808,31.7736881972251,5.76415726636761
1983,"391",9322,31.0661186116495,10.333844027501
1983,"393",9373,32.796503973711,14.4663813123853
1983,"395",110899,22.7686268638887,7.34178107138613
1983,"400",9288,26.8106238216448,9.99191078220428
1983,"413",9025,26.8230700470932,10.5993245671
1983,"414",9025,26.8230700470932,10.5993245671
1983,"416",738,26.0215390183084,5.07318218536985
1983,"417",738,26.0215390183084,5.07318218536985
1983,"6",1275,24.2792184120425,4.95519101715507
1983,"7",111593,25.8607481133355,7.03211415991292
1983,"93",9219,31.6250331398693,10.440894368339
1983,"94",9273,30.6709513999062,8.34250638463267
1983,"96",796,31.3382228153713,6.08581861644499
1983,"MIDAS-5222",110665,23.0021497026668,14.9598145628589
1983,"MIDAS-9961",110435,25.8809645997916,16.7128120727923
1983,"WI-153112",109602,26.3320006804898,20.40386497467
1983,"WI-443210",8772,25.9958600196534,6.83317280921081
1983,"WI-593072",8939,26.9248433560366,6.79629775334342
1983,"WI-643451",108132,26.1147181553286,12.590988033094
1983,"WI-683143",111096,27.9671709235394,12.8438200674558
1983,"aba14",1038367,23.9854786113293,21.1481404364314
1983,"aba15",6632,22.4598518225524,7.24335962904167
1983,"aba27",12809,19.6852451331601,6.51508998751993
1984,"1",8478,22.6716316056623,6.14053779742717
1984,"115",730,25.7401343411246,15.3667304560603
1984,"117",825,32.01727602168,9.50902092638189
1984,"118",9358,31.1180956114424,8.95693793501999
1984,"119",112796,30.8557358872212,15.5452440228775
1984,"124",9102,24.7971538545132,8.2069708038495
1984,"147",8931,25.0602155937709,16.2844977930711
1984,"15",9017,25.1609837306522,13.7997313320196
1984,"16",9017,25.1609837306522,13.7997313320196
1984,"186",110227,25.4785486922277,11.7137178605568
1984,"192",110740,24.8276622095743,11.3163461119302
1984,"23",170136,20.1493214760059,5.73607928969671
1984,"24",14185,22.7489653707583,4.53127644559758
1984,"242",110435,25.8364004162225,16.7317725804
1984,"25",1045611,20.5935469557119,19.5580613499943
1984,"306",64,24.5763594452103,4.18971430760092
1984,"31",9086,26.8258807113943,9.31970854279197
1984,"339",8906,26.7932233220852,7.06713428224633
1984,"389",9313,29.8560537665337,8.76114229593003
1984,"390",808,30.2395775951176,5.93095028755472
1984,"391",9322,30.2954414148477,10.5091997443591
1984,"393",9373,31.5510494601825,14.6981811529403
1984,"395",110899,23.6409028305949,7.18126882376616
1984,"400",9288,26.0927249885135,9.72438843288235
1984,"413",9025,25.7694455146381,12.2707524311224
1984,"414",9025,25.7694455146381,12.2707524311224
1984,"416",738,24.7369275523379,5.4690313900388
1984,"417",738,24.7369275523379,5.4690313900388
1984,"6",1275,23.0981087037331,4.95095273753449
1984,"7",111593,25.371045721342,6.89685645417585
1984,"93",9219,29.9383734066503,11.9435223821247
1984,"94",9273,29.8597997571256,8.0021921092994
1984,"96",796,29.8812425829868,5.91978296931222
1984,"MIDAS-5222",110665,23.3376435126761,16.0967569135751
1984,"MIDAS-9961",110435,25.8364004162225,16.7317725804
1984,"WI-153112",109602,24.9719165519294,21.8491604858758
1984,"WI-443210",8772,23.9314937618139,8.97127402064317
1984,"WI-593072",8939,25.4161191467566,8.98541477513868
1984,"WI-643451",108132,24.0516692732827,14.2942233725152
1984,"WI-683143",111096,26.6879910153863,14.2807336734363
1984,"aba14",1038367,25.6744913390582,20.4723704946532
1984,"aba15",6632,22.6233484245131,7.93468026702637
1984,"aba27",12809,20.0151016777278,6.66058166221895
1985,"1",8478,23.2670173269306,5.13314856751243
1985,"115",730,25.2713490479622,15.9146517572825
1985,"117",825,32.4503559252052,8.44453310511224
1985,"118",9358,31.2913105676905,8.33801819850204
1985,"119",112796,31.2988292743132,14.5932594288892
1985,"124",9102,23.8559800796058,8.05638131258551
1985,"147",8931,24.7326405424002,15.850015021521
1985,"15",9017,24.485401770632,13.7710086006033
1985,"16",9017,24.485401770632,13.7710086006033
1985,"186",110227,25.0512750740445,11.4311258927414
1985,"192",110740,24.3158143579951,11.01446914832
1985,"23",170136,20.707271580927,5.7962663282228
1985,"24",14185,23.4939358348538,4.52124128143037
1985,"242",110435,25.411294760295,16.7086876840882
1985,"25",1045611,19.8211864224786,17.6740800419833
1985,"306",64,22.945821221055,4.18960975794838
1985,"31",9086,25.9529388415999,7.004350830059
1985,"339",8906,25.0334432154659,5.91447433552924
1985,"389",9313,29.6715962771211,8.16651834151146
1985,"390",808,30.2869462682767,5.69096794712806
1985,"391",9322,30.2104478503361,9.59411500304258
1985,"393",9373,31.9085207953959,14.0943750104731
1985,"395",110899,23.1203620233405,7.013074925314
1985,"400",9288,26.1236329791671,9.64228676736382
1985,"413",9025,24.9424525924436,11.6422376737762
1985,"414",9025,24.9424525924436,11.6422376737762
1985,"416",738,21.8850714750503,5.22706473876165
1985,"417",738,21.8850714750503,5.22706473876165
1985,"6",1275,23.6769284175311,4.82670382392931
1985,"7",111593,24.8891221144638,6.83274446806855
1985,"93",9219,28.8464962502259,9.97584719591676
1985,"94",9273,29.3497040016523,7.05468064960303
1985,"96",796,29.0616764876324,5.54000195910866
1985,"MIDAS-5222",110665,22.5588252746265,17.8705159202373
1985,"MIDAS-9961",110435,25.411294760295,16.7086876840882
1985,"WI-153112",109602,23.9993073548947,21.7717686035255
1985,"WI-443210",8772,22.9643182049905,6.97173251129085
1985,"WI-593072",8939,24.5355124995628,6.7262798633122
1985,"WI-643451",108132,22.9917245499568,12.8732186908131
1985,"WI-683143",111096,25.8598780677503,14.4578938332996
1985,"aba14",1038367,25.2030341116996,20.7317016102685
1985,"aba15",6632,20.590338577675,7.08062217234309
1985,"aba27",12809,19.5709721640296,6.20474422570906
1986,"1",8478,22.1116771416643,5.28725621793774
1986,"115",730,24.654618620804,16.0492779899982
1986,"117",825,31.6944366334849,9.55485755170345
1986,"118",9358,30.4803232770054,8.81102571563441
1986,"119",112796,31.1169558394576,15.9942564870958
1986,"124",9102,24.1540740259677,8.72886169199761
1986,"147",8931,23.1012455569482,16.7269586918427
1986,"15",9017,23.4769705565895,14.0273970650232
1986,"16",9017,23.4769705565895,14.0273970650232
1986,"186",110227,23.696803906938,11.8120616607799
1986,"192",110740,23.1876053017057,12.065689766704
1986,"23",170136,20.7175297045362,5.82774195276659
1986,"24",14185,23.1097068220741,4.53121056645594
1986,"242",110435,24.0277504950351,17.2696162584297
1986,"25",1045611,19.2514457662542,18.221839276546
1986,"306",64,22.6538409736941,4.19808281752599
1986,"31",9086,26.4425569450731,8.92751572956455
1986,"339",8906,26.3255180029554,7.20048269969645
1986,"389",9313,30.2346515588567,9.02230538515522
1986,"390",808,30.6988674578618,5.82987334253123
1986,"391",9322,30.6490036871381,10.5382397714843
1986,"393",9373,32.3567246908646,14.5231841528093
1986,"395",110899,23.6483515320304,7.31773395545178
1986,"400",9288,26.6401709647708,9.14624446906792
1986,"413",9025,25.3930924783373,12.7955321889818
1986,"414",9025,25.3930924783373,12.7955321889818
1986,"416",738,23.4974335508111,5.70342533390013
1986,"417",738,23.4974335508111,5.70342533390013
1986,"6",1275,23.7012302809682,4.74833652370426
1986,"7",111593,25.131202113596,7.21646863665343
1986,"93",9219,29.4905369245393,11.0807358437221
1986,"94",9273,30.3212733210857,7.95103050546604
1986,"96",796,30.3103292310883,5.9040118711794
1986,"MIDAS-5222",110665,21.8151223473458,15.335389089762
1986,"MIDAS-9961",110435,24.0277504950351,17.2696162584297
1986,"WI-153112",109602,24.7217719420188,21.4144648575585
1986,"WI-443210",8772,23.8483591572572,8.46453755089983
1986,"WI-593072",8939,25.4001807004882,8.26966643464844
1986,"WI-643451",108132,23.9862781632331,14.9395503619346
1986,"WI-683143",111096,26.2015546479354,16.231068653671
1986,"aba14",1038367,24.2413816808132,20.1969664521063
1986,"aba15",6632,20.8963258929888,7.1513999241575
1986,"aba27",12809,19.4094281062016,6.50351003753854
1987,"1",8478,22.5311245435899,6.19974664542791
1987,"115",730,24.068009271606,15.6787487464733
1987,"117",825,31.7065999834828,9.54777583157557
1987,"118",9358,30.2710137191844,8.88038238783435
1987,"119",112796,30.8996613745275,13.8420395948027
1987,"124",9102,24.9929960790444,7.96200977011267
1987,"147",8931,24.1026703304229,16.6107682688814
1987,"15",9017,24.4784104982496,14.0956778510147
1987,"16",9017,24.4784104982496,14.0956778510147
1987,"186",110227,24.744686293333,11.7822018898293
1987,"192",110740,24.1919496759568,11.9752184086706
1987,"23",170136,20.3404737100487,5.724381801454
1987,"24",14185,23.190311900583,4.51320450382834
1987,"242",110435,25.0128006310459,17.0065220723204
1987,"25",1045611,19.7713343725569,17.6206984859311
1987,"306",64,24.2872153827282,4.19837191351288
1987,"31",9086,27.2152008812567,6.8327615408476
1987,"339",8906,26.8460227935884,5.71237573709683
1987,"389",9313,29.0335862423771,8.39328562605063
1987,"390",808,30.0296493516364,6.2048579650449
1987,"391",9322,30.0503976175346,9.84026243325031
1987,"393",9373,32.40000889219,14.2204849151573
1987,"395",110899,22.8467501812558,7.05952924868116
1987,"400",9288,27.018936212341,9.06540894459586
1987,"413",9025,26.4599843305506,10.7618412893354
1987,"414",9025,26.4599843305506,10.7618412893354
1987,"416",738,24.6177764679252,5.13457791491607
1987,"417",738,24.6177764679252,5.13457791491607
1987,"6",1275,23.5988058525769,4.68036771104242
1987,"7",111593,25.8234254443242,6.67420533109151
1987,"93",9219,29.6745013823961,10.4081086975333
1987,"94",9273,28.974102145679,7.44959981618836
1987,"96",796,29.6020504720162,5.77044583861518
1987,"MIDAS-5222",110665,22.6225367118416,15.1070622948433
1987,"MIDAS-9961",110435,25.0128006310459,17.0065220723204
1987,"WI-153112",109602,25.8730891151068,20.6790489233312
1987,"WI-443210",8772,24.5053695119549,6.85786653018809
1987,"WI-593072",8939,26.0857305162997,6.77333175353017
1987,"WI-643451",108132,24.6175961323262,12.9591755859832
1987,"WI-683143",111096,27.4016467330346,13.5474116849848
1987,"aba14",1038367,23.9670743292381,20.5497515545098
1987,"aba15",6632,20.7533378538845,7.33380947425184
1987,"aba27",12809,18.6517708054488,8.03554154501394
1988,"1",8478,22.0005105291255,6.01767764616007
1988,"115",730,25.0547872425789,15.7004163885085
1988,"117",825,32.59258609671,9.21507593055726
1988,"118",9358,31.5279610481941,8.47766677493864
1988,"119",112796,31.5354569056887,14.4610611658983
1988,"124",9102,24.5062471609398,8.47560901841482
1988,"147",8931,26.0063378356636,16.4421928489334
1988,"15",9017,25.8432563036736,14.4266701556091
1988,"16",9017,25.8432563036736,14.4266701556091
1988,"186",110227,26.3045835801656,12.4312980470222
1988,"192",110740,25.7782075352598,11.9277691985561
1988,"23",170136,21.0091173372634,5.78768812896087
1988,"24",14185,23.7403588966714,4.55647345368661
1988,"242",110435,26.8834763513577,17.0668185325225
1988,"25",1045611,20.6472851351695,18.1859261876067
1988,"306",64,24.0732892668547,4.2253311907202
1988,"31",9086,28.5499280932322,8.00375426715194
1988,"339",8906,27.6365529624106,6.45657823048181
1988,"389",9313,29.9111991173111,8.21257065025328
1988,"390",808,30.6829752420266,5.64082887696384
1988,"391",9322,30.5814716822798,9.42127740449694
1988,"393",9373,32.2198293307077,14.0524105190094
1988,"395",110899,23.9390965034868,7.12379407867721
1988,"400",9288,27.3263215705617,8.94176250347747
1988,"413",9025,26.9402474548437,11.549343698919
1988,"414",9025,26.9402474548437,11.549343698919
1988,"416",738,25.4419362507684,5.0386139849836
1988,"417",738,25.4419362507684,5.0386139849836
1988,"6",1275,23.839660518123,4.74626342732979
1988,"7",111593,26.0914372069777,7.49532203347072
1988,"93",9219,30.4356203992452,10.1601402484413
1988,"94",9273,29.3722253308347,7.266956601025
1988,"96",796,29.9232626680805,5.57022887603919
1988,"MIDAS-5222",110665,23.670688033881,15.1262050400404
1988,"MIDAS-9961",110435,26.8834763513577,17.0668185325225
1988,"WI-153112",109602,26.1822590389377,22.6279709038483
1988,"WI-443210",8772,25.3559440110795,7.82769749924175
1988,"WI-593072",8939,26.8145285994763,7.72488305574368
1988,"WI-643451",108132,25.7891102704204,13.0589048235848
1988,"WI-683143",111096,28.3249280044425,14.2036106552105
1988,"aba14",1038367,24.4080203568362,20.3347331066137
1988,"aba15",6632,20.6715565370997,6.63483092486298
1988,"aba27",12809,20.5949615836201,6.24883551994426
1989,"1",8478,21.7079391010485,5.30009047633591
1989,"115",730,25.3625019353002,15.6228908682621
1989,"117",825,31.3297424285126,8.7716915709081
1989,"118",9358,30.1801675387833,7.81151549332642
1989,"119",112796,30.3585101865195,13.2040232647267
1989,"124",9102,24.4713598681267,8.47330419599759
1989,"147",8931,24.8038369601564,16.3467828941053
1989,"15",9017,24.8790751866146,14.2151270698015
1989,"16",9017,24.8790751866146,14.2151270698015
1989,"186",110227,25.2855706142948,12.1724828082013
1989,"192",110740,24.6560524108823,12.154256015758
1989,"23",170136,20.5558125937258,5.96029794718773
1989,"24",14185,23.3880956566606,4.59233936682584
1989,"242",110435,25.5914535191182,16.8846276989112
1989,"25",1045611,20.4470775796091,15.0994127977652
1989,"306",64,23.2151161817869,4.22782673871141
1989,"31",9086,25.9941712687167,7.13277560089556
1989,"339",8906,26.753821619265,5.95813429705194
1989,"389",9313,28.6336676210256,7.57311347523965
1989,"390",808,29.3368120030619,5.60336642842974
1989,"391",9322,28.7259307015174,8.6959319179571
1989,"393",9373,31.0640775194597,12.9923149946716
1989,"395",110899,23.1584135683155,7.09307195563352
1989,"400",9288,26.3178513975266,9.19271107603061
1989,"413",9025,25.5511008057398,10.6278738796123
1989,"414",9025,25.5511008057398,10.6278738796123
1989,"416",738,25.2068006420179,5.45825505944185
1989,"417",738,25.2068006420179,5.45825505944185
1989,"6",1275,24.2658182825634,4.85475028328211
1989,"7",111593,25.1033308573589,6.90764993402438
1989,"93",9219,28.490343058908,9.40910696602038
1989,"94",9273,28.4284576067301,7.11145340956416
1989,"96",796,28.6846622799862,5.60830774449784
1989,"MIDAS-5222",110665,23.1378565246394,13.5234790595473
1989,"MIDAS-9961",110435,25.5914535191182,16.8846276989112
1989,"WI-153112",109602,25.0626365553969,18.2402062387675
1989,"WI-443210",8772,24.232904300223,7.00637488729251
1989,"WI-593072",8939,24.5787941689927,6.89343931023263
1989,"WI-643451",108132,24.8302108185424,12.2709170961727
1989,"WI-683143",111096,26.169230184193,13.7788689617234
1989,"aba14",1038367,24.1932903438878,21.1158961275859
1989,"aba15",6632,22.777430698377,6.6930150100848
1989,"aba27",12809,20.0394241781108,7.583376123918
1990,"1",8478,22.8658462285623,5.84037374967754
1990,"115",730,26.0526013278029,15.2151644610249
1990,"117",825,31.8494190418297,10.0954077794199
1990,"118",9358,30.4122097668011,9.4874339888039
1990,"119",112796,30.8644332300374,15.3055952374874
1990,"124",9102,24.9887787058561,7.58509505331904
1990,"147",8931,25.8976750545445,15.8095845769823
1990,"15",9017,25.7381849074097,13.6714202470608
1990,"16",9017,25.7381849074097,13.6714202470608
1990,"186",110227,26.2199606486077,11.5141589221039
1990,"192",110740,25.3469118417242,11.2858560889236
1990,"23",170136,21.168576287063,6.02435893864399
1990,"24",14185,23.8634790384617,4.60676851944061
1990,"242",110435,26.5555316863236,16.7319279183399
1990,"25",1045611,20.826897017035,16.8310195015208
1990,"306",64,23.5412036446556,4.18156162442745
1990,"31",9086,26.0136297600564,7.49512337329973
1990,"339",8906,26.1067328027914,6.18523368117846
1990,"389",9313,29.730008402502,9.05813649456881
1990,"390",808,30.5377539466776,6.31302229013425
1990,"391",9322,30.0808264445087,10.5805197667408
1990,"393",9373,32.1316264853123,15.0864700525188
1990,"395",110899,23.3689741902126,7.15916823719814
1990,"400",9288,27.6064095112343,9.73246663918496
1990,"413",9025,24.5108904176982,10.8997381055802
1990,"414",9025,24.5108904176982,10.8997381055802
1990,"416",738,23.7372627309489,5.10103506807193
1990,"417",738,23.7372627309489,5.10103506807193
1990,"6",1275,24.4651798843054,4.97496871906322
1990,"7",111593,25.3963139470794,6.7045446298271
1990,"93",9219,29.1345204694818,10.9502275456588
1990,"94",9273,29.6870834180707,7.68502076086622
1990,"96",796,29.987650452521,5.92025152798902
1990,"MIDAS-5222",110665,23.5808109163999,17.014361970759
1990,"MIDAS-9961",110435,26.5555316863236,16.7319279183399
1990,"WI-153112",109602,23.9632310636248,22.2723684555781
1990,"WI-443210",8772,23.6965548610682,6.96911171541316
1990,"WI-593072",8939,24.4888052200035,7.42994829160297
1990,"WI-643451",108132,23.6801448042316,13.2706137491099
1990,"WI-683143",111096,25.8865581346088,14.2986061813321
1990,"aba14",1038367,25.5734176335391,20.8163038799788
1990,"aba15",6632,21.3062414613268,7.04927806030141
1990,"aba27",12809,19.519682388959,7.42533695339489
1991,"1",8478,22.0896589275555,5.55320447904466
1991,"115",730,25.9116103193383,15.484233169795
1991,"117",825,32.3486768958863,9.69351433096474
1991,"118",9358,31.1225809098447,9.84242381867766
1991,"119",112796,31.0918615884449,15.5099202062024
1991,"124",9102,24.6070572303235,8.58867412778253
1991,"147",8931,24.899347987316,16.7548525748508
1991,"15",9017,24.9186045921057,14.5674583157001
1991,"16",9017,24.9186045921057,14.5674583157001
1991,"186",110227,25.1696824642053,12.1322316105426
1991,"192",110740,24.7626128597309,11.7297288552468
1991,"23",170136,21.1687030603899,5.95061859848366
1991,"24",14185,24.2006189407678,4.57390122219469
1991,"242",110435,25.6053145822318,17.3041416600838
1991,"25",1045611,20.6356787614045,19.2893073167477
1991,"306",64,23.1320285734781,4.19588626360731
1991,"31",9086,26.8147668932102,8.5407375323401
1991,"339",8906,26.1865788331822,6.46717892997448
1991,"389",9313,29.1643541320266,9.30249250581426
1991,"390",808,30.2437761802819,6.32903254269801
1991,"391",9322,30.3776335378621,10.6395459978093
1991,"393",9373,31.992218281274,15.3041380129538
1991,"395",110899,23.6379554029085,7.29604912364958
1991,"400",9288,26.746691105573,10.0945396155847
1991,"413",9025,25.6564612685496,12.0074470518864
1991,"414",9025,25.6564612685496,12.0074470518864
1991,"416",738,24.2265666631252,5.51061132049696
1991,"417",738,24.2265666631252,5.51061132049696
1991,"6",1275,24.7915116763765,4.97291107165104
1991,"7",111593,25.5371446479572,7.30997063770364
1991,"93",9219,29.7806888102858,11.5428350354011
1991,"94",9273,29.172975117964,8.0274718203152
1991,"96",796,29.4903135727083,6.00088352215891
1991,"MIDAS-5222",110665,23.3517544871741,16.2282175174775
1991,"MIDAS-9961",110435,25.6053145822318,17.3041416600838
1991,"WI-153112",109602,25.0744046475192,19.5253796045265
1991,"WI-443210",8772,24.0924067985068,7.53419676680038
1991,"WI-593072",8939,25.3999340874947,7.8403213337312
1991,"WI-643451",108132,24.2225480657203,12.7655747760484
1991,"WI-683143",111096,26.647790299489,14.7287346321073
1991,"aba14",1038367,25.5617639094432,20.9861751059453
1991,"aba15",6632,22.9789231950857,7.20832705538494
1991,"aba27",12809,21.1081226183938,8.15595551841127
1992,"1",8478,23.259022094555,6.92302212589644
1992,"115",730,24.9073492224507,16.0188655963138
1992,"117",825,30.864520761291,10.1305910808318
1992,"118",9358,29.7968594100316,9.70470562382256
1992,"119",112796,29.6878655841005,15.1077536014003
1992,"124",9102,22.7222087447662,7.271644253795
1992,"147",8931,23.2834440704102,15.0092534282374
1992,"15",9017,23.3622562986443,12.4620721244131
1992,"16",9017,23.3622562986443,12.4620721244131
1992,"186",110227,23.6792520940036,10.5354154800848
1992,"192",110740,23.2484415522246,10.5195608628161
1992,"23",170136,21.3350092069589,5.94399119477585
1992,"24",14185,23.8144594608432,4.57098230275933
1992,"242",110435,24.1013331091602,15.391349793454
1992,"25",1045611,19.272939935447,16.9097338918332
1992,"306",64,22.715153577375,4.17856501823468
1992,"31",9086,23.812067287764,7.74256361254404
1992,"339",8906,23.7412752233208,6.35678989185294
1992,"389",9313,28.7199741660804,8.96137045982385
1992,"390",808,28.6909134004734,6.78638408748929
1992,"391",9322,28.2908249135197,10.4441018783006
1992,"393",9373,31.0590069823285,14.6188432293922
1992,"395",110899,23.1790281575098,7.33337874780222
1992,"400",9288,25.4390849447649,9.2071924355851
1992,"413",9025,23.2261376628027,11.5940985831547
1992,"414",9025,23.2261376628027,11.5940985831547
1992,"416",738,21.0702768281911,5.07734541664988
1992,"417",738,21.0702768281911,5.07734541664988
1992,"6",1275,24.1171730002088,4.98489712113381
1992,"7",111593,23.7955697974744,6.04071335682688
1992,"93",9219,28.2240052219138,10.8752080305055
1992,"94",9273,28.8384064163874,7.88807535569197
1992,"96",796,28.722963911173,6.05205437830623
1992,"MIDAS-5222",110665,21.8261769812313,12.2124626494554
1992,"MIDAS-9961",110435,24.1013331091602,15.391349793454
1992,"WI-153112",109602,22.5881599809591,19.632836008754
1992,"WI-443210",8772,21.1694440978275,7.2520288893379
1992,"WI-593072",8939,22.7785613123697,6.9948042962061
1992,"WI-643451",108132,21.3839956959901,13.067314276316
1992,"WI-683143",111096,23.789995288928,13.4845266775996
1992,"aba14",1038367,24.7563300032649,21.6613382430761
1992,"aba15",6632,20.4790517766759,6.71693215958136
1992,"aba27",12809,19.628902893857,7.79843329631859
1993,"1",8478,21.687229082699,5.62444004512723
1993,"115",730,22.9465466081252,15.3299632737639
1993,"117",825,31.5280587461083,10.4348585493703
1993,"118",9358,30.3744354710782,8.72620701380719
1993,"119",112796,31.3788248959785,13.7815915972861
1993,"124",9102,24.6989691158676,8.3460434829624
1993,"147",8931,25.2345543761144,16.7950076240304
1993,"15",9017,25.2133874312844,14.4880992874143
1993,"16",9017,25.2133874312844,14.4880992874143
1993,"186",110227,25.6555517431415,12.1259546976893
1993,"192",110740,24.966913495164,11.6701382313038
1993,"23",170136,20.9607442782953,5.83878944345881
1993,"24",14185,23.7820058779919,4.55982339828583
1993,"242",110435,26.0318429693037,17.2655109436115
1993,"25",1045611,20.7056725920154,18.293714459033
1993,"306",64,23.6319404094841,4.19443741185616
1993,"31",9086,26.1050770919108,7.20384009705255
1993,"339",8906,25.1271272520616,6.23145613919964
1993,"389",9313,30.6432798187054,7.82795767309041
1993,"390",808,31.6021661612448,6.00895413354841
1993,"391",9322,31.4115423556383,9.3142617662001
1993,"393",9373,33.3708886603277,14.0165449381944
1993,"395",110899,21.8372325160302,7.11600661165667
1993,"400",9288,27.3729198916117,8.89247829897885
1993,"413",9025,25.9071336753749,10.8985776467413
1993,"414",9025,25.9071336753749,10.8985776467413
1993,"416",738,21.9180920874572,5.09577462647288
1993,"417",738,21.9180920874572,5.09577462647288
1993,"6",1275,23.9265768048236,5.03532101552716
1993,"7",111593,25.7765701362721,7.2460390706563
1993,"93",9219,29.8687749488123,10.4908820548377
1993,"94",9273,30.5460061375792,6.98977308561264
1993,"96",796,30.4227877104762,5.49588708468533
1993,"MIDAS-5222",110665,23.3890603629926,14.4879796165614
1993,"MIDAS-9961",110435,26.0318429693037,17.2655109436115
1993,"WI-153112",109602,24.8729106000084,20.0745947073609
1993,"WI-443210",8772,23.1477551447227,7.35312142487884
1993,"WI-593072",8939,24.6784526173535,7.07087519750388
1993,"WI-643451",108132,23.3907035368137,12.6419307056098
1993,"WI-683143",111096,26.1708360042081,13.2531374227492
1993,"aba14",1038367,22.5093137439798,20.8672156447615
1993,"aba15",6632,19.4125807713567,6.91886845823938
1993,"aba27",12809,18.8451177511232,6.39533694244828
1994,"1",8478,23.2985919831706,6.25532669107821
1994,"115",730,26.2207695934124,15.426793624703
1994,"117",825,31.2531911553046,9.35320830412528
1994,"118",9358,30.0915971996082,8.46261179487722
1994,"119",112796,30.5146557916719,13.9388516377659
1994,"124",9102,25.6317869906203,8.85625509773882
1994,"147",8931,26.0697326406784,17.0928249109256
1994,"15",9017,26.3230192350033,14.7021725289535
1994,"16",9017,26.3230192350033,14.7021725289535
1994,"186",110227,26.6063994167433,12.5128186597268
1994,"192",110740,25.4163935146649,13.1310308609376
1994,"23",170136,22.3041266073139,6.01009706791439
1994,"24",14185,24.9794516174388,4.59920678080936
1994,"242",110435,26.8074754884371,17.9090558506033
1994,"25",1045611,20.9786367238014,19.6649918162095
1994,"306",64,25.2579773003922,4.21787543288769
1994,"31",9086,25.643415198811,8.30404152372309
1994,"339",8906,24.7979380031443,6.59908946141179
1994,"389",9313,29.2163599372573,7.87872458630244
1994,"390",808,29.5356190882355,5.70698825239264
1994,"391",9322,29.5662808758724,9.21520730007415
1994,"393",9373,31.511289012464,13.8163125781038
1994,"395",110899,23.9598654764812,7.26496768699754
1994,"400",9288,26.6756463220841,9.16501670569525
1994,"413",9025,24.7982895697103,11.8842593689886
1994,"414",9025,24.7982895697103,11.8842593689886
1994,"416",738,22.6722527783499,5.33122782867864
1994,"417",738,22.6722527783499,5.33122782867864
1994,"6",1275,25.5547992051208,5.1168763714234
1994,"7",111593,26.0262891653399,6.82899778736637
1994,"93",9219,29.2732301479425,10.9690241346623
1994,"94",9273,29.6171496229503,6.97299487582426
1994,"96",796,29.7961857879481,5.61256125860618
1994,"MIDAS-5222",110665,23.6742468673682,19.0379662934017
1994,"MIDAS-9961",110435,26.8074754884371,17.9090558506033
1994,"WI-153112",109602,23.9764098180415,21.4313860687728
1994,"WI-443210",8772,22.9284152063916,7.82360256443498
1994,"WI-593072",8939,24.1898996747412,8.01344265175129
1994,"WI-643451",108132,23.149835090823,14.1009643749027
1994,"WI-683143",111096,25.7223366581377,14.8472564848964
1994,"aba14",1038367,25.2115457197467,21.8911961467057
1994,"aba15",6632,22.2033393939112,7.01126050173856
1994,"aba27",12809,21.9176399076275,7.56847966990515
1995,"1",8478,22.2166228779329,6.26029796048575
1995,"115",730,23.5535740335687,15.1677090751364
1995,"117",825,32.1705872666586,10.2662777850163
1995,"118",9358,31.271348615195,8.87358596372728
1995,"119",112796,31.6779179582392,14.1768499863034
1995,"124",9102,25.364701333175,8.04456691360644
1995,"147",8931,25.7695248295895,16.138408448279
1995,"15",9017,25.9802016157894,14.3542749769884
1995,"16",9017,25.9802016157894,14.3542749769884
1995,"186",110227,26.2314668399651,11.9196738918439
1995,"192",110740,25.4255391586553,11.291109259279
1995,"23",170136,21.5336901052104,5.88774801368855
1995,"24",14185,24.3602407513784,4.59536610444032
1995,"242",110435,26.4711883537316,16.7178552679332
1995,"25",1045611,20.8768486130549,17.5347092382195
1995,"306",64,23.6720528627168,4.20762116669647
1995,"31",9086,27.5582397128418,7.67738578311026
1995,"339",8906,26.4963632876981,6.24360436103737
1995,"389",9313,30.3250416628273,8.61670332838511
1995,"390",808,31.1566783447779,6.02458597913905
1995,"391",9322,30.8461167359093,9.81553180563614
1995,"393",9373,32.3423711519667,13.8496040016076
1995,"395",110899,22.8879770071695,7.13349639503643
1995,"400",9288,26.9833735827355,8.92508418702882
1995,"413",9025,26.7908022039218,11.1015865791502
1995,"414",9025,26.7908022039218,11.1015865791502
1995,"416",738,23.4543878803548,4.90235959534012
1995,"417",738,23.4543878803548,4.90235959534012
1995,"6",1275,24.9398385465449,5.20536910740715
1995,"7",111593,26.3389975737625,6.75929320655259
1995,"93",9219,30.3355829280327,9.72600759153518
1995,"94",9273,29.9768426550635,7.32073621845656
1995,"96",796,30.6527464688232,5.72150737763321
1995,"MIDAS-5222",110665,23.8720381176121,14.4133599783917
1995,"MIDAS-9961",110435,26.4711883537316,16.7178552679332
1995,"WI-153112",109602,25.6298961754976,19.5592917622188
1995,"WI-443210",8772,24.3887237465428,6.96316365500288
1995,"WI-593072",8939,25.627290154823,7.02453580551245
1995,"WI-643451",108132,24.6364569691302,13.2091402055231
1995,"WI-683143",111096,28.1426987998157,14.3495456975529
1995,"aba14",1038367,24.0222045292203,20.4815415552276
1995,"aba15",6632,20.2298775234366,6.21197424517655
1995,"aba27",12809,19.9540058782494,8.37389435474823
1996,"1",8478,22.4775743238485,6.04461313956399
1996,"115",730,24.606176840498,14.754411564825
1996,"117",825,31.9220039238791,9.30017308874163
1996,"118",9358,30.7434193644041,9.99820390335355
1996,"119",112796,30.7044998589116,15.4905153897003
1996,"124",9102,23.8535398161525,8.27871272007665
1996,"147",8931,24.0005784871449,15.6792729009603
1996,"15",9017,24.3315031895196,13.3220529811105
1996,"16",9017,24.3315031895196,13.3220529811105
1996,"186",110227,24.5778698123187,11.1420536475169
1996,"192",110740,23.8231692967598,11.7142803934427
1996,"23",170136,20.4752842305625,5.83679653741121
1996,"24",14185,22.7662268861435,4.5400709501757
1996,"242",110435,24.8149018334757,16.3593802286069
1996,"25",1045611,19.3875651244534,18.275281679917
1996,"306",64,22.729109834988,4.19545532415884
1996,"31",9086,26.1815049425031,8.03522704985916
1996,"339",8906,26.0966535647221,6.22118864274585
1996,"389",9313,29.9230754657024,8.71094748554038
1996,"390",808,30.3726708155909,6.03572158097207
1996,"391",9322,30.5413429469137,10.1810874033283
1996,"393",9373,31.7846556176535,14.6040039234933
1996,"395",110899,23.3246583816237,7.22960821585498
1996,"400",9288,26.4870532560556,9.32712140353016
1996,"413",9025,25.196691625401,11.1053063392687
1996,"414",9025,25.196691625401,11.1053063392687
1996,"416",738,23.7655631282133,4.93639784453442
1996,"417",738,23.7655631282133,4.93639784453442
1996,"6",1275,23.5392675340041,5.29667646007638
1996,"7",111593,24.6428171218165,6.79692421268338
1996,"93",9219,29.4540276796339,11.081396333868
1996,"94",9273,29.7361480503334,7.83034020378582
1996,"96",796,29.7858529927318,5.91862797621625
1996,"MIDAS-5222",110665,22.1818535051382,14.2038149095374
1996,"MIDAS-9961",110435,24.8149018334757,16.3593802286069
1996,"WI-153112",109602,24.1315589982408,18.2642243646289
1996,"WI-443210",8772,23.0513377875051,7.35018117767012
1996,"WI-593072",8939,25.0100668466337,7.67888002059945
1996,"WI-643451",108132,23.3947977848676,12.0768054256747
1996,"WI-683143",111096,26.2331038061314,13.9834914911199
1996,"aba14",1038367,24.9144761796272,20.9055071628453
1996,"aba15",6632,21.6361959883695,6.36726327743011
1996,"aba27",12809,20.1291400480926,8.3176366530843
1997,"1",8478,22.8508284963442,5.95099374154833
1997,"115",730,24.8111050807233,15.0855260216123
1997,"117",825,31.88501657317,9.37322925909571
1997,"118",9358,30.8812386821243,9.00643801080531
1997,"119",112796,31.1830341329857,14.4483969849094
1997,"124",9102,24.3918269882162,8.51172961112622
1997,"147",8931,24.7969442537526,16.8336324401951
1997,"15",9017,24.7634669758739,14.426094574644
1997,"16",9017,24.7634669758739,14.426094574644
1997,"186",110227,25.2460936883882,12.3343061867128
1997,"192",110740,24.5772471046782,12.8514763741196
1997,"23",170136,20.7663889915582,6.05879364296568
1997,"24",14185,23.4177402599171,4.62336387057095
1997,"242",110435,25.580478879288,17.4193131814814
1997,"25",1045611,20.4034462625367,17.0358463238447
1997,"306",64,23.8163230649356,4.18843368668066
1997,"31",9086,25.2005160558643,7.33060030808213
1997,"339",8906,25.2642544488762,5.62918292986759
1997,"389",9313,29.0604538618633,8.07074324496732
1997,"390",808,30.3064873770248,5.96853846807189
1997,"391",9322,30.0200436759061,9.76160560475919
1997,"393",9373,31.9742372351764,14.5514337264424
1997,"395",110899,23.2788944221099,7.32725609645462
1997,"400",9288,25.9700170832775,10.8076114068359
1997,"413",9025,24.3215788347738,11.1436572717614
1997,"414",9025,24.3215788347738,11.1436572717614
1997,"416",738,23.0049308423671,4.93043062890857
1997,"417",738,23.0049308423671,4.93043062890857
1997,"6",1275,23.9910884044964,5.39160818260929
1997,"7",111593,24.9455418129074,7.18938294566112
1997,"93",9219,29.470733038759,10.3532261205198
1997,"94",9273,29.0553632103217,7.45464880806888
1997,"96",796,29.5707763409651,5.82512948077066
1997,"MIDAS-5222",110665,23.000408885777,14.9073385585114
1997,"MIDAS-9961",110435,25.580478879288,17.4193131814814
1997,"WI-153112",109602,23.7069455699636,18.1723633809359
1997,"WI-443210",8772,22.4783144598313,7.07018291038106
1997,"WI-593072",8939,23.3732820814125,7.0111321233641
1997,"WI-643451",108132,22.8700011984161,13.3915304464881
1997,"WI-683143",111096,25.2122976544983,14.954208566384
1997,"aba14",1038367,25.1315901148932,21.6522285457984
1997,"aba15",6632,21.8662706484455,6.8171394082329
1997,"aba27",12809,22.3827662680638,7.57443014855113
1998,"1",8478,22.6935592522802,6.58991285871866
1998,"115",730,26.5210290295663,15.5734869370821
1998,"117",825,33.4306809971966,10.5591638499352
1998,"118",9358,32.4231001729402,9.67745177338288
1998,"119",112796,32.8531599735948,16.0035188355062
1998,"124",9102,24.6363127788445,8.00205341495638
1998,"147",8931,25.3880401255996,17.0205185517241
1998,"15",9017,25.4319920747253,14.5893943702676
1998,"16",9017,25.4319920747253,14.5893943702676
1998,"186",110227,25.8847708408811,12.0186644641029
1998,"192",110740,25.0702060568424,12.0360079506057
1998,"23",170136,22.1027628987937,6.07155228828009
1998,"24",14185,24.9424704400279,4.65182279491434
1998,"242",110435,26.177257001076,17.6440275380211
1998,"25",1045611,20.588109008873,17.3584860798959
1998,"306",64,23.4972453939761,4.20050994902611
1998,"31",9086,27.386000896978,8.21125453643022
1998,"339",8906,26.7289261602659,6.91201749174492
1998,"389",9313,31.6993143362369,8.98664009209789
1998,"390",808,31.8218750270064,6.84785464763721
1998,"391",9322,31.5954251969551,10.5086872245981
1998,"393",9373,33.692426639409,15.4662043704725
1998,"395",110899,24.0686166868111,7.16831156817433
1998,"400",9288,27.1286218572837,8.65150018085113
1998,"413",9025,26.3637066819313,11.3242220039458
1998,"414",9025,26.3637066819313,11.3242220039458
1998,"416",738,24.7726172710757,4.97323220627912
1998,"417",738,24.7726172710757,4.97323220627912
1998,"6",1275,25.2507987258581,5.48314673294374
1998,"7",111593,25.6539320587603,6.70195848865196
1998,"93",9219,30.5683529316028,11.3762337620405
1998,"94",9273,31.3678049915713,7.90082236966998
1998,"96",796,31.1650404682259,5.93112640264823
1998,"MIDAS-5222",110665,23.3292754054934,16.5094138117198
1998,"MIDAS-9961",110435,26.177257001076,17.6440275380211
1998,"WI-153112",109602,25.8338559775119,21.4964100870222
1998,"WI-443210",8772,24.3316908022167,7.89897089036858
1998,"WI-593072",8939,25.4719809381706,7.68145204157472
1998,"WI-643451",108132,24.466382678742,13.2701403407047
1998,"WI-683143",111096,27.2376101725912,14.3169012592566
1998,"aba14",1038367,26.3039227162753,21.2018281775475
1998,"aba15",6632,22.8516245393147,7.06285767255504
1998,"aba27",12809,19.0086614737819,7.73816253197013
1999,"1",8478,21.9696617277031,6.33504572043149
1999,"115",730,24.4461953714552,15.2568157159971
1999,"117",825,32.3054698176312,10.5801187012751
1999,"118",9358,31.1533389310301,10.2955766797161
1999,"119",112796,31.7744653441101,15.4146611204575
1999,"124",9102,24.5836133768546,8.59681126727418
1999,"147",8931,25.5730493208144,16.8725702548654
1999,"15",9017,25.6689287949041,14.5335111704055
1999,"16",9017,25.6689287949041,14.5335111704055
1999,"186",110227,26.0515991808019,12.3157364685843
1999,"192",110740,25.2539165064349,11.6310495703541
1999,"23",170136,20.9046091442617,5.90067776632485
1999,"24",14185,23.8060469758214,4.56739860761915
1999,"242",110435,26.2966031083078,17.4457132865443
1999,"25",1045611,21.2321722844501,19.4676365753437
1999,"306",64,23.8148470455872,4.20590884353346
1999,"31",9086,27.117329564567,8.5500687473427
1999,"339",8906,26.6599270140181,7.4078136195481
1999,"389",9313,30.6050140844202,9.27650498793583
1999,"390",808,30.9336465941352,6.53147918162769
1999,"391",9322,30.5241967088628,10.4252553448284
1999,"393",9373,32.6898915723811,14.963499174003
1999,"395",110899,23.0366108879806,7.26620734590628
1999,"400",9288,26.0058639320098,9.0600985041126
1999,"413",9025,26.0865738609195,12.2008489015373
1999,"414",9025,26.0865738609195,12.2008489015373
1999,"416",738,24.5119846466448,4.95576266797189
1999,"417",738,24.5119846466448,4.95576266797189
1999,"6",1275,24.4442125781217,5.49951342229346
1999,"7",111593,25.453300624666,7.24996580273953
1999,"93",9219,30.0002630824272,10.7186920614185
1999,"94",9273,30.4866760294511,8.07344736106184
1999,"96",796,30.6151269694548,6.24583274121434
1999,"MIDAS-5222",110665,23.7159991610865,14.2859009120538
1999,"MIDAS-9961",110435,26.2966031083078,17.4457132865443
1999,"WI-153112",109602,25.5423488069605,21.4198532088488
1999,"WI-443210",8772,24.4482353045243,7.43006388365664
1999,"WI-593072",8939,25.8088717982595,7.7734353926886
1999,"WI-643451",108132,24.5732508414542,14.1672548135923
1999,"WI-683143",111096,26.9429974407671,15.748511883151
1999,"aba14",1038367,24.3672918578261,21.0872822122097
1999,"aba15",6632,21.0976248874614,6.84350653621878
1999,"aba27",12809,21.325404187386,7.0759858996712
2000,"1",8478,22.1798549939353,6.24098369197633
2000,"115",730,25.8321633228562,15.5506351313861
2000,"117",825,32.411767097997,10.6110999657471
2000,"118",9358,31.0169260456594,10.6030352907744
2000,"119",112796,31.8276007181441,16.0121972786132
2000,"124",9102,23.6958216824148,8.34478897578018
2000,"147",8931,24.2936611735873,15.8009384373576
2000,"15",9017,24.0540510002141,13.7838787581131
2000,"16",9017,24.0540510002141,13.7838787581131
2000,"186",110227,24.5737180629388,12.0032995799851
2000,"192",110740,23.9393247907278,11.4868488863415
2000,"23",170136,21.2655042458455,5.95074705302066
2000,"24",14185,23.5935582357751,4.58591349457334
2000,"242",110435,24.9443311075215,16.5121566020258
2000,"25",1045611,20.563241038983,19.2734969531649
2000,"306",64,23.715031528857,4.21821979495503
2000,"31",9086,26.1923203998455,8.52905461163318
2000,"339",8906,26.2981257679624,6.96549039953382
2000,"389",9313,30.8597289858933,9.47574846220904
2000,"390",808,31.3799189972836,6.39151192359853
2000,"391",9322,31.0558104326446,10.7897350221278
2000,"393",9373,33.0801478400931,15.1912999916691
2000,"395",110899,23.8256739337785,7.30427122276362
2000,"400",9288,25.5761382251588,9.89109905277804
2000,"413",9025,24.9790582921587,10.6888923001424
2000,"414",9025,24.9790582921587,10.6888923001424
2000,"416",738,23.7014038923273,4.85130472886785
2000,"417",738,23.7014038923273,4.85130472886785
2000,"6",1275,24.0687810646826,5.44668718711467
2000,"7",111593,24.3424850548501,7.52655883315061
2000,"93",9219,30.5657651241696,10.7516608035843
2000,"94",9273,31.1650504024122,8.27033009674204
2000,"96",796,31.1095164594998,6.19812565408929
2000,"MIDAS-5222",110665,22.5080541026915,16.0952492051886
2000,"MIDAS-9961",110435,24.9443311075215,16.5121566020258
2000,"WI-153112",109602,24.3875897901754,22.7191361253163
2000,"WI-443210",8772,23.4377628211551,6.92245794261224
2000,"WI-593072",8939,24.8925083195561,7.53377571505825
2000,"WI-643451",108132,23.4884416297973,12.1377165620622
2000,"WI-683143",111096,25.9530073585509,13.7998569536585
2000,"aba14",1038367,24.637203591495,21.9995499109271
2000,"aba15",6632,21.1741098131028,6.9329726238075
2000,"aba27",12809,19.4756092306965,6.63846205368278
2001,"1",8478,22.1308071751508,6.06120469712403
2001,"115",730,25.8506412889561,15.4757360642515
2001,"117",825,32.7575871847557,9.46180162002577
2001,"118",9358,31.9042009546182,8.19668754512324
2001,"119",112796,32.5128905194181,14.0900246423869
2001,"124",9102,24.3207447177608,8.00720769283446
2001,"147",8931,25.5205218416656,15.8572425619996
2001,"15",9017,25.6095294669214,13.8233959527114
2001,"16",9017,25.6095294669214,13.8233959527114
2001,"186",110227,26.0127850193003,11.3624058377338
2001,"192",110740,25.0380868852623,10.791847845568
2001,"23",170136,21.7492765621917,5.95606055803434
2001,"24",14185,24.4526435020325,4.62652483884035
2001,"242",110435,26.2633559944456,16.3568426630925
2001,"25",1045611,20.5952286259285,18.0700379822681
2001,"306",64,23.9055243696384,4.19143581934188
2001,"31",9086,27.2764954432079,8.27091160510717
2001,"339",8906,27.6049328599476,6.04958436861874
2001,"389",9313,30.9486537509125,7.88671696997591
2001,"390",808,31.5380890659774,5.65754698351925
2001,"391",9322,30.7217914315543,9.64262997909191
2001,"393",9373,32.7650331468452,14.0800513153281
2001,"395",110899,23.8859474838396,7.14166815837656
2001,"400",9288,25.929620336302,9.14985258650233
2001,"413",9025,26.2465763502686,13.8534717185361
2001,"414",9025,26.2465763502686,13.8534717185361
2001,"416",738,25.1520567355634,5.37023818282308
2001,"417",738,25.1520567355634,5.37023818282308
2001,"6",1275,24.8140409198778,5.48410160784845
2001,"7",111593,25.3484348977958,6.53539978437686
2001,"93",9219,31.090950738186,10.0417660415004
2001,"94",9273,30.8775003935432,7.12198532602675
2001,"96",796,31.1672140948958,5.54676349063234
2001,"MIDAS-5222",110665,23.5468704036445,13.5944369992818
2001,"MIDAS-9961",110435,26.2633559944456,16.3568426630925
2001,"WI-153112",109602,25.7103205839623,19.7315482819224
2001,"WI-443210",8772,24.8120479432735,7.85286690992245
2001,"WI-593072",8939,25.5652968260586,7.63793387166221
2001,"WI-643451",108132,24.8728338056623,14.4899212380348
2001,"WI-683143",111096,27.6459946901918,15.8685764788781
2001,"aba14",1038367,24.9839058253877,21.0879483931417
2001,"aba15",6632,22.4446695469469,6.96611723806076
2001,"aba27",12809,21.2205027235838,7.08507121349545
2002,"1",8478,22.6043786267968,6.25491600110727
2002,"115",730,25.0711939463412,14.6901389783228
2002,"117",825,32.1669141785956,10.5282837035574
2002,"118",9358,30.963438671384,9.51472728142938
2002,"119",112796,31.5147828187006,14.2962821374576
2002,"124",9102,25.4466592755576,8.54043503567592
2002,"147",8931,25.7980363445021,16.8491932891343
2002,"15",9017,25.7326804788354,14.2576044549175
2002,"16",9017,25.7326804788354,14.2576044549175
2002,"186",110227,26.2992868658622,12.181159310054
2002,"192",110740,25.5849416117145,13.1924205427991
2002,"23",170136,21.4809978947647,6.04585461971108
2002,"24",14185,23.6400927158419,4.59274459586203
2002,"242",110435,26.6827035989776,17.614574659304
2002,"25",1045611,21.1393332460655,16.0739463381698
2002,"306",64,24.5502860951588,4.19430403183132
2002,"31",9086,27.5907214542875,7.18215154955073
2002,"339",8906,27.4237235041805,6.70883461017597
2002,"389",9313,29.8120131968967,8.39472940094163
2002,"390",808,30.9598325143676,6.56795923987742
2002,"391",9322,30.5548969912711,10.0302475808228
2002,"393",9373,32.2026988307692,14.2511078385088
2002,"395",110899,23.6618424499814,6.9669291605363
2002,"400",9288,26.9241452079215,9.42272353303071
2002,"413",9025,26.9894192408817,13.4004747724321
2002,"414",9025,26.9894192408817,13.4004747724321
2002,"416",738,24.6645789751876,5.45124822322517
2002,"417",738,24.6645789751876,5.45124822322517
2002,"6",1275,24.2737662335264,5.5248320352003
2002,"7",111593,26.4661544088553,6.73296470199708
2002,"93",9219,30.7559595301079,9.52690500243271
2002,"94",9273,30.5777771598493,7.41818394146576
2002,"96",796,30.9047814949139,5.92439402308631
2002,"MIDAS-5222",110665,23.77786857975,16.8344272394595
2002,"MIDAS-9961",110435,26.6827035989776,17.614574659304
2002,"WI-153112",109602,25.9433640561705,17.8990606060571
2002,"WI-443210",8772,25.5385574451023,8.65348769480054
2002,"WI-593072",8939,26.6289573082888,8.1953289710963
2002,"WI-643451",108132,25.7172531117726,14.0069062780295
2002,"WI-683143",111096,27.9451225131019,15.0150496836797
2002,"aba14",1038367,24.7753731361693,20.8786247842123
2002,"aba15",6632,21.4014363972364,6.48780198854655
2002,"aba27",12809,23.1235963485384,8.18103458872471
2003,"1",8478,23.8212296005037,7.17382655133814
2003,"115",730,26.9094260698763,15.3726873777579
2003,"117",825,32.7079661644469,9.11218767734343
2003,"118",9358,31.4619364434568,8.04501302055979
2003,"119",112796,32.2900653395498,13.7771222887668
2003,"124",9102,24.7349395748502,8.24761278530502
2003,"147",8931,25.2271107655094,15.6457081588918
2003,"15",9017,25.5430741517897,13.7371892232506
2003,"16",9017,25.5430741517897,13.7371892232506
2003,"186",110227,25.8878178319731,11.5436144124359
2003,"192",110740,24.9536787739972,11.2855018525927
2003,"23",170136,23.1580703029485,5.9879326759586
2003,"24",14185,25.6297183090216,4.59827086935005
2003,"242",110435,26.1663940554004,16.388658021372
2003,"25",1045611,20.0712409558395,16.4307030310023
2003,"306",64,23.7020974120219,4.20912253491531
2003,"31",9086,26.7997405715568,7.70713681768656
2003,"339",8906,27.2422663082722,6.1130083471221
2003,"389",9313,30.0312987219392,7.76565781933219
2003,"390",808,30.9183819958952,5.59145219880146
2003,"391",9322,30.3149470081024,9.03702080432745
2003,"393",9373,32.559587307697,13.2141030063751
2003,"395",110899,24.5129744913803,7.13158126639067
2003,"400",9288,26.7303090351604,9.11700743414534
2003,"413",9025,25.7870592780349,11.7114433409158
2003,"414",9025,25.7870592780349,11.7114433409158
2003,"416",738,25.2963918110987,4.88850435432755
2003,"417",738,25.2963918110987,4.88850435432755
2003,"6",1275,26.1893797791877,5.56069444952497
2003,"7",111593,25.9334110441931,6.71508825031323
2003,"93",9219,31.0176409222606,10.3977030068677
2003,"94",9273,30.3007973029987,6.72217968533377
2003,"96",796,30.5270702663028,5.47973070921781
2003,"MIDAS-5222",110665,23.0821052329984,13.7799058712322
2003,"MIDAS-9961",110435,26.1663940554004,16.388658021372
2003,"WI-153112",109602,25.0222536259187,19.1781338266785
2003,"WI-443210",8772,24.352412152376,7.17403730067124
2003,"WI-593072",8939,25.1084438798202,7.33923376130612
2003,"WI-643451",108132,24.6223901259372,13.229714297569
2003,"WI-683143",111096,26.8715069688029,15.3569040353878
2003,"aba14",1038367,25.9083150829594,20.9901078843484
2003,"aba15",6632,22.871585692269,7.07765539000318
2003,"aba27",12809,22.2255203160583,7.6823844949335
2004,"1",8478,23.838113369212,6.44138176272387
2004,"115",730,25.928184358602,15.7290385699065
2004,"117",825,31.2205931959467,9.52020121905268
2004,"118",9358,29.8438949909779,8.71530289333134
2004,"119",112796,29.9377547994818,14.8040997958545
2004,"124",9102,24.2463833920792,7.86754013443038
2004,"147",8931,24.5345102667408,16.1345597969967
2004,"15",9017,24.6767892456939,13.9618484153145
2004,"16",9017,24.6767892456939,13.9618484153145
2004,"186",110227,24.9024722938364,11.6821119525273
2004,"192",110740,23.8633260032921,11.9780665342664
2004,"23",170136,21.4089034597781,5.82963087748423
2004,"24",14185,23.9855162909692,4.54908193993447
2004,"242",110435,25.1423565658205,16.7934043037147
2004,"25",1045611,19.3630295477844,17.5091179488709
2004,"306",64,24.2324401272775,4.2140337984989
2004,"31",9086,24.826638011697,7.53726388241824
2004,"339",8906,24.8594379735499,6.2558880196733
2004,"389",9313,28.7225457795904,8.43247447814993
2004,"390",808,29.5885419616009,5.98827316616702
2004,"391",9322,29.6218729856463,10.007710864576
2004,"393",9373,30.9522007176539,14.1802549406763
2004,"395",110899,23.7957830950775,7.2230771025538
2004,"400",9288,25.5384638089175,9.90803296722941
2004,"413",9025,23.9508942640015,13.0519372455258
2004,"414",9025,23.9508942640015,13.0519372455258
2004,"416",738,22.0513188619713,5.33731414918824
2004,"417",738,22.0513188619713,5.33731414918824
2004,"6",1275,24.3223883408687,5.61210813350828
2004,"7",111593,24.7180135397139,6.66787725108716
2004,"93",9219,28.5088152412305,10.7824705748089
2004,"94",9273,28.7132321451746,7.58345220714501
2004,"96",796,28.7145164942115,5.95681699748866
2004,"MIDAS-5222",110665,22.04199310274,15.3430142001651
2004,"MIDAS-9961",110435,25.1423565658205,16.7934043037147
2004,"WI-153112",109602,23.210508662419,20.5261508166142
2004,"WI-443210",8772,21.9671524613689,7.62077664943338
2004,"WI-593072",8939,23.1107215418535,7.08873666275381
2004,"WI-643451",108132,22.0716852626854,14.6618758189438
2004,"WI-683143",111096,24.6020413747859,15.5449014489003
2004,"aba14",1038367,25.7882920025091,21.412987378784
2004,"aba15",6632,20.305833292928,8.00741306738592
2004,"aba27",12809,20.885532963071,6.81677540915454
2005,"1",8478,23.0684118015443,6.54027429590385
2005,"115",730,25.7163653307714,15.5674561089227
2005,"117",825,32.9381825295669,10.327416674777
2005,"118",9358,31.5078743315055,9.52818588297005
2005,"119",112796,32.1224434409146,15.6895601985236
2005,"124",9102,25.4587894555991,7.50391913116004
2005,"147",8931,25.8653198324881,15.0625171395983
2005,"15",9017,25.9780668239562,13.8308006925359
2005,"16",9017,25.9780668239562,13.8308006925359
2005,"186",110227,26.2174973564208,12.2857109577446
2005,"192",110740,25.3343493155484,12.5784633456778
2005,"23",170136,21.3175827711324,5.90781732655036
2005,"24",14185,23.9966650939166,4.54693912570897
2005,"242",110435,26.6048273244751,15.51319637894
2005,"25",1045611,20.1354149901662,15.0648116923931
2005,"306",64,23.835205920727,4.20706965141144
2005,"31",9086,27.451273003959,7.76037296468243
2005,"339",8906,27.0490707729887,5.93135295774891
2005,"389",9313,30.5421187843506,9.16445598155104
2005,"390",808,30.8052786276676,6.7468925914408
2005,"391",9322,30.6330231498334,10.7137583998096
2005,"393",9373,32.6511094040036,15.1157185404278
2005,"395",110899,23.8312601433838,7.41900687016155
2005,"400",9288,26.8872939134003,9.99678658801313
2005,"413",9025,26.4771275302148,12.2319108411998
2005,"414",9025,26.4771275302148,12.2319108411998
2005,"416",738,24.2344168270271,5.16588122666769
2005,"417",738,24.2344168270271,5.16588122666769
2005,"6",1275,24.6278098841113,5.43386938804948
2005,"7",111593,26.2465272244789,6.32513235546223
2005,"93",9219,30.5903782028588,10.6025698882866
2005,"94",9273,30.3893711312572,7.98946830326753
2005,"96",796,30.4235642651474,6.11391792019468
2005,"MIDAS-5222",110665,23.3415948922802,12.6550881072901
2005,"MIDAS-9961",110435,26.6048273244751,15.51319637894
2005,"WI-153112",109602,25.6254470003454,18.3862715066268
2005,"WI-443210",8772,24.8749280991713,7.98380470280968
2005,"WI-593072",8939,26.1048337255958,7.66428249409364
2005,"WI-643451",108132,25.1616704898408,14.2961952335506
2005,"WI-683143",111096,27.3537559135277,14.8841324275547
2005,"aba14",1038367,25.1639477076153,21.7704146283116
2005,"aba15",6632,20.3521134030317,7.47390402058445
2005,"aba27",12809,20.9805001971209,6.38926717965087
2006,"1",8478,22.7144806320558,6.53124923548746
2006,"115",730,26.750518081276,15.5521153380436
2006,"117",825,32.4021919723185,10.04022767639
2006,"118",9358,31.4152885443016,9.04810198843433
2006,"119",112796,31.7248963934939,15.3295371939713
2006,"124",9102,24.6186459266245,8.13278519573777
2006,"147",8931,26.0936632716207,17.5329033256086
2006,"15",9017,26.1670960532817,15.0511255605161
2006,"16",9017,26.1670960532817,15.0511255605161
2006,"186",110227,26.5876234865725,12.9157387418028
2006,"192",110740,25.6529194858267,13.4005778179689
2006,"23",170136,21.7425073738169,5.85344826518517
2006,"24",14185,24.2898875413889,4.5310577348335
2006,"242",110435,26.8047091392557,18.2858624167789
2006,"25",1045611,20.9957886575234,17.4230782418589
2006,"306",64,24.547652292342,4.22909862828801
2006,"31",9086,27.5911281170736,7.70196282934315
2006,"339",8906,27.9302629366752,6.07946983951678
2006,"389",9313,30.4926301364471,8.58088152432128
2006,"390",808,30.9395544531932,6.6002422457594
2006,"391",9322,30.634339312951,9.83436588422043
2006,"393",9373,32.3988340167068,14.1813183234025
2006,"395",110899,24.3638117087711,7.17299477999838
2006,"400",9288,26.9591039820435,9.83649957892566
2006,"413",9025,26.4157076013373,11.3783469499287
2006,"414",9025,26.4157076013373,11.3783469499287
2006,"416",738,25.6516969381255,5.14196499025278
2006,"417",738,25.6516969381255,5.14196499025278
2006,"6",1275,25.1786520733184,5.24576584812697
2006,"7",111593,26.2727968479552,6.4603368122608
2006,"93",9219,30.60154683077,11.2876451878461
2006,"94",9273,30.8912581707215,7.83246153499191
2006,"96",796,31.1876203430084,5.9291585069065
2006,"MIDAS-5222",110665,23.7701648159581,15.7605274115141
2006,"MIDAS-9961",110435,26.8047091392557,18.2858624167789
2006,"WI-153112",109602,26.0445649272185,19.7862969706304
2006,"WI-443210",8772,25.1617449081287,7.40960697619911
2006,"WI-593072",8939,26.446403624465,7.11532057160969
2006,"WI-643451",108132,25.2845624676281,14.3570044163024
2006,"WI-683143",111096,27.6075068050556,15.3155067134833
2006,"aba14",1038367,25.4640096937439,21.7177340041483
2006,"aba15",6632,22.747790387034,7.10037685091475
2006,"aba27",12809,22.3397562154536,7.1621335655848
2007,"1",8478,22.2258903277146,5.86431047966577
2007,"115",730,26.8639239502468,15.9436797137349
2007,"117",825,32.1543203739368,9.28770417232417
2007,"118",9358,31.1575126478593,8.55455061292528
2007,"119",112796,31.713232264162,13.46887532001
2007,"124",9102,23.8636411536805,7.05239923855375
2007,"147",8931,24.9107072861519,15.3416876068633
2007,"15",9017,24.9169593042921,13.1341521615487
2007,"16",9017,24.9169593042921,13.1341521615487
2007,"186",110227,25.3878788365646,10.8084613378197
2007,"192",110740,24.9547743769027,10.2901005024567
2007,"23",170136,22.0142797331807,6.19787614210661
2007,"24",14185,24.508964479937,5.14996450980223
2007,"242",110435,25.726638849284,15.7116876260034
2007,"25",1045611,20.5392243756813,16.3316650216166
2007,"306",64,22.2990901525307,4.18285796008761
2007,"31",9086,26.8107923534614,7.01568106041688
2007,"339",8906,27.1180054406014,5.6272852501791
2007,"389",9313,30.0735487146472,7.93968219734472
2007,"390",808,30.7055121818686,6.07844742807835
2007,"391",9322,30.2324776255584,9.51885291164489
2007,"393",9373,32.3718791287666,14.0549227873211
2007,"395",110899,24.5764231009121,7.4480245113056
2007,"400",9288,26.4185626114656,10.1938887523141
2007,"413",9025,25.7155184576987,10.2549429794605
2007,"414",9025,25.7155184576987,10.2549429794605
2007,"416",738,24.23173659837,4.93087717060455
2007,"417",738,24.23173659837,4.93087717060455
2007,"6",1275,24.932031073676,5.2883926578867
2007,"7",111593,24.7242979428552,5.99697809085125
2007,"93",9219,30.1863146209147,9.83997803970342
2007,"94",9273,29.828560307083,6.88911426459224
2007,"96",796,30.2928578736299,5.52695494460606
2007,"MIDAS-5222",110665,23.3753634075464,14.0484107689603
2007,"MIDAS-9961",110435,25.726638849284,15.7116876260034
2007,"WI-153112",109602,25.2535199671661,21.3693368151351
2007,"WI-443210",8772,24.0867977241513,6.90045070372213
2007,"WI-593072",8939,25.2440932348739,6.4818471356032
2007,"WI-643451",108132,24.370199123421,13.1186705333913
2007,"WI-683143",111096,26.7165753347914,13.607845353618
2007,"aba14",1038367,24.944419685744,21.8290009949279
2007,"aba15",6632,22.0765310858067,6.66971129674977
2007,"aba27",12809,20.6582214469123,7.75691315619345
2008,"1",8478,21.5447481426351,5.54492177786451
2008,"115",730,25.1596987757669,14.7635873654702
2008,"117",825,32.0984962586528,10.2891299216251
2008,"118",9358,31.0330482210999,8.78469974281251
2008,"119",112796,31.1944764464575,15.4326244808938
2008,"124",9102,24.9962509498875,7.50184429205164
2008,"147",8931,25.1210504190528,15.5849661608502
2008,"15",9017,25.4518088593833,13.2354097151405
2008,"16",9017,25.4518088593833,13.2354097151405
2008,"186",110227,25.6702090477681,10.7692617706395
2008,"192",110740,25.315228644392,10.0997080855571
2008,"23",170136,21.9242537366628,6.02598128366235
2008,"24",14185,24.611845888794,4.71127489709701
2008,"242",110435,26.0273435416964,16.0668951013933
2008,"25",1045611,21.0288561550203,16.6329595470575
2008,"306",64,23.2618463093701,4.18358620773561
2008,"31",9086,26.790846951766,7.9483211620326
2008,"339",8906,26.7394060247345,6.57070516364231
2008,"389",9313,30.1840053551419,8.18100177464247
2008,"390",808,30.9381261663696,6.02358595383965
2008,"391",9322,30.5739971280661,9.44917498456688
2008,"393",9373,31.7825602724599,14.6707421581385
2008,"395",110899,23.9016569825507,7.14848071715437
2008,"400",9288,26.4104938957933,10.1736498980969
2008,"413",9025,25.6170386134158,11.901592571367
2008,"414",9025,25.6170386134158,11.901592571367
2008,"416",738,23.6280213116529,5.44095817049083
2008,"417",738,23.6280213116529,5.44095817049083
2008,"6",1275,24.644329713133,5.36483206949753
2008,"7",111593,25.1684695968527,6.38426504958299
2008,"93",9219,29.8349152610823,11.6587161614397
2008,"94",9273,30.5438719215362,7.43856677377419
2008,"96",796,30.594439166459,5.78797927243043
2008,"MIDAS-5222",110665,23.9023016914431,14.8078273453601
2008,"MIDAS-9961",110435,26.0273435416964,16.0668951013933
2008,"WI-153112",109602,24.9350124901589,21.888589115168
2008,"WI-443210",8772,23.9136138504659,7.80373696374427
2008,"WI-593072",8939,25.1114959312037,7.91109960286519
2008,"WI-643451",108132,24.0736876055548,13.9780386902285
2008,"WI-683143",111096,26.476371473173,14.8496532471193
2008,"aba14",1038367,24.9265832819712,19.3467766562057
2008,"aba15",6632,22.182419795287,6.48420096995241
2008,"aba27",12809,20.552715941308,6.2996340397794
2009,"1",8478,22.8034771625185,5.59818138892315
2009,"115",730,25.5194935041526,14.80882831237
2009,"117",825,32.1786794054102,10.5830310199136
2009,"118",9358,30.7402917091555,10.4159827705914
2009,"119",112796,30.7472161167806,15.9101981049297
2009,"124",9102,24.3239527921644,8.1719598115482
2009,"147",8931,24.4569344373836,17.2030571629473
2009,"15",9017,24.3289228725105,14.2628704323803
2009,"16",9017,24.3289228725105,14.2628704323803
2009,"186",110227,24.8001519972035,11.930281084184
2009,"192",110740,24.2040752748865,11.7758101808012
2009,"23",170136,22.0617080726227,5.95605814309367
2009,"24",14185,24.962337073913,4.57709052038213
2009,"242",110435,25.1644271462199,17.539041776529
2009,"25",1045611,20.2222482240498,17.3331053004127
2009,"306",64,22.9936763790001,4.19614540084787
2009,"31",9086,24.2759224134131,8.11125996829379
2009,"339",8906,24.0035528161426,5.88228063794421
2009,"389",9313,29.7778996360265,9.38468762570117
2009,"390",808,29.7341462014404,6.25045654516117
2009,"391",9322,29.641288753367,10.6312415139101
2009,"393",9373,31.8483026221176,15.4650762588691
2009,"395",110899,23.4748169484168,7.03263448127834
2009,"400",9288,26.0331273910223,9.69189518414533
2009,"413",9025,23.9798100421269,12.2702634504506
2009,"414",9025,23.9798100421269,12.2702634504506
2009,"416",738,21.2398545420975,5.28050772847141
2009,"417",738,21.2398545420975,5.28050772847141
2009,"6",1275,25.5665261385245,5.46287989123923
2009,"7",111593,25.1520326511396,6.73693601313655
2009,"93",9219,28.8250699050941,10.8373044081639
2009,"94",9273,29.4267985009628,8.00121016727761
2009,"96",796,29.20188336238,5.914003840396
2009,"MIDAS-5222",110665,22.6218609752193,16.7889264841241
2009,"MIDAS-9961",110435,25.1644271462199,17.539041776529
2009,"WI-153112",109602,23.4085901865428,18.0164799407459
2009,"WI-443210",8772,21.35455603561,8.17293020249585
2009,"WI-593072",8939,22.8550141748449,7.83872118827113
2009,"WI-643451",108132,21.6334373207866,15.160113159683
2009,"WI-683143",111096,24.3913106408549,15.3002289150509
2009,"aba14",1038367,25.2598305323328,21.5957275522798
2009,"aba15",6632,20.4360533560462,6.86735271517303
2009,"aba27",12809,20.6363335902893,7.03466624750775
2010,"1",8478,22.3790450884786,6.48431951913928
2010,"115",730,24.7738991153102,15.3198167599566
2010,"117",825,33.166919015484,8.7439885798102
2010,"118",9358,32.0872953248649,9.26170026280208
2010,"119",112796,32.5068351976396,15.4710111061011
2010,"124",9102,24.9891364675043,8.36462304712423
2010,"147",8931,25.9130501834713,16.88785001484
2010,"15",9017,25.9855935223353,14.7602673727383
2010,"16",9017,25.9855935223353,14.7602673727383
2010,"186",110227,26.4637806716334,12.0595474268785
2010,"192",110740,25.8765695043312,11.5740991481451
2010,"23",170136,21.9514900472073,5.90450724413912
2010,"24",14185,24.5650648648014,4.55599113028951
2010,"242",110435,26.7841921521662,17.5307458380592
2010,"25",1045611,22.0562002940706,17.2298078527839
2010,"306",64,23.5400118745488,4.22439010144241
2010,"31",9086,27.875096193881,8.37817515605247
2010,"339",8906,27.6408678716502,6.28597964858659
2010,"389",9313,30.9685219516649,8.32820154663833
2010,"390",808,31.8484901893283,5.58458415974569
2010,"391",9322,31.7823471696462,9.46331868510375
2010,"393",9373,33.3055535537055,13.5532730463124
2010,"395",110899,23.1823081114092,7.43798272168575
2010,"400",9288,27.5664718290958,9.15580623213433
2010,"413",9025,27.0241866466463,13.5366282656529
2010,"414",9025,27.0241866466463,13.5366282656529
2010,"416",738,24.4834985437461,5.61468864356469
2010,"417",738,24.4834985437461,5.61468864356469
2010,"6",1275,25.2999957292467,5.51155601487221
2010,"7",111593,25.9476407773535,6.70583311023628
2010,"93",9219,31.1051621545702,10.5960579505704
2010,"94",9273,30.8584820665322,7.3102979894935
2010,"96",796,31.0266558263341,5.58993017539965
2010,"MIDAS-5222",110665,24.5002225298979,15.7364742196886
2010,"MIDAS-9961",110435,26.7841921521662,17.5307458380592
2010,"WI-153112",109602,26.1851252091755,18.1403328325822
2010,"WI-443210",8772,24.6986176747908,8.69750736265214
2010,"WI-593072",8939,26.2482367826364,8.05678333979603
2010,"WI-643451",108132,24.9781661439835,14.9597192980029
2010,"WI-683143",111096,27.9902493905803,15.9254126026696
2010,"aba14",1038367,24.2771929157924,20.9943762252673
2010,"aba15",6632,22.0419562484506,7.22106779144925
2010,"aba27",12809,21.9536705267342,7.26801434916436
2011,"1",8478,21.8661690943441,6.07275811652679
2011,"115",730,25.1608587818505,15.238148339175
2011,"117",825,34.2823945415848,8.23253444568153
2011,"118",9358,33.1148541637137,8.97237422459803
2011,"119",112796,33.3218315354424,15.8548288379798
2011,"124",9102,25.2780509356601,8.32198527049993
2011,"147",8931,25.5515865645969,16.3019872325161
2011,"15",9017,25.7851012560833,13.675637835846
2011,"16",9017,25.7851012560833,13.675637835846
2011,"186",110227,26.1538014885423,11.9661201210654
2011,"192",110740,25.6835527856931,12.4204946961655
2011,"23",170136,21.8694915637685,5.98904610354142
2011,"24",14185,24.4236084091743,4.59628584115381
2011,"242",110435,26.3998848408993,16.9294986387253
2011,"25",1045611,21.386575561174,15.0484043414441
2011,"306",64,23.9570431624037,4.18592536899772
2011,"31",9086,28.4491609834657,8.01547542567775
2011,"339",8906,28.4501133316865,7.06764993525869
2011,"389",9313,32.1154222547696,8.42834803220064
2011,"390",808,32.8008073949434,5.82502992500607
2011,"391",9322,32.3108504359496,9.95113307158681
2011,"393",9373,33.9523026043945,14.3144154300935
2011,"395",110899,23.3003769377336,7.0439347869566
2011,"400",9288,27.3836335700481,9.76240151087477
2011,"413",9025,26.8021402171818,11.8961109787892
2011,"414",9025,26.8021402171818,11.8961109787892
2011,"416",738,25.6639566513265,5.47569092532999
2011,"417",738,25.6639566513265,5.47569092532999
2011,"6",1275,24.5852586186978,5.48992042915403
2011,"7",111593,25.7702922457078,7.03618716685814
2011,"93",9219,32.1924310448686,11.2803620976761
2011,"94",9273,32.4802772967641,7.6079069325485
2011,"96",796,32.0111097880421,5.77171812340064
2011,"MIDAS-5222",110665,23.9941225333976,14.5485323228009
2011,"MIDAS-9961",110435,26.3998848408993,16.9294986387253
2011,"WI-153112",109602,25.8076396652632,20.5263612729355
2011,"WI-443210",8772,25.466027510337,7.85059773053311
2011,"WI-593072",8939,26.7454126603746,7.60628543875752
2011,"WI-643451",108132,25.4607007382925,14.0183515068673
2011,"WI-683143",111096,28.2713396410685,15.1782480591126
2011,"aba14",1038367,24.2509629504924,21.5383482189498
2011,"aba15",6632,22.2319730531691,6.94159660160432
2011,"aba27",12809,21.625373832962,6.84610228115679
2012,"1",8478,22.0379618547668,6.04410500048032
2012,"115",730,26.3337321290889,15.2579145555361
2012,"117",825,32.674360920488,10.8601876655569
2012,"118",9358,31.3537617283389,10.2724533614818
2012,"119",112796,31.9061729872833,16.0277676768859
2012,"124",9102,26.3433898851753,8.85385939658837
2012,"147",8931,26.5724451118832,16.1589290443511
2012,"15",9017,26.7920001387028,14.1754220503712
2012,"16",9017,26.7920001387028,14.1754220503712
2012,"186",110227,27.1950513724094,12.1219500087338
2012,"192",110740,26.8166294930773,12.2816973661228
2012,"23",170136,22.5889499789642,6.0429010075587
2012,"24",14185,25.2706002158474,4.58807476643912
2012,"242",110435,27.4803522511977,16.8491716745861
2012,"25",1045611,22.3725401660199,16.2218582672423
2012,"306",64,25.2074849082932,4.22648268541662
2012,"31",9086,28.2542967066138,8.74017761543831
2012,"339",8906,28.1219024048004,6.98616512663681
2012,"389",9313,30.7198406437386,9.53770854503813
2012,"390",808,31.3413877500299,6.82940529232736
2012,"391",9322,31.1706073313918,10.94493759872
2012,"393",9373,32.5353062023739,15.694082860673
2012,"395",110899,24.1083184427574,7.29680789342346
2012,"400",9288,27.2312522290785,9.84110647314326
2012,"413",9025,27.2869445901647,12.6868761628263
2012,"414",9025,27.2869445901647,12.6868761628263
2012,"416",738,26.0813926961472,5.71118840129844
2012,"417",738,26.0813926961472,5.71118840129844
2012,"6",1275,25.4229898142198,5.41484052704569
2012,"7",111593,26.6126362064068,7.78249072503493
2012,"93",9219,30.9973529272822,10.349712925691
2012,"94",9273,31.3604392263512,8.68402717860138
2012,"96",796,31.2600387387303,6.71706071378879
2012,"MIDAS-5222",110665,25.341430732733,14.7420238566372
2012,"MIDAS-9961",110435,27.4803522511977,16.8491716745861
2012,"WI-153112",109602,26.7196000750861,24.011885365189
2012,"WI-443210",8772,25.9878921109239,8.61358356991506
2012,"WI-593072",8939,27.2975293185201,8.28890901916644
2012,"WI-643451",108132,26.0878487746661,15.0471395513918
2012,"WI-683143",111096,28.4284166034286,15.2924910908739
2012,"aba14",1038367,25.5120982504547,21.2983973832618
2012,"aba15",6632,23.2073680841669,7.3262418361607
2012,"aba27",12809,20.641830318527,7.63916952632171
2013,"1",8478,23.0255024918951,6.17285025767649
2013,"115",730,26.9150813241759,15.3583989263006
2013,"117",825,32.1444329604974,10.7281746879021
2013,"118",9358,30.9602147162199,9.68226810566222
2013,"119",112796,30.8313171753436,13.7703402636115
2013,"124",9102,24.3586011583266,8.37351769777718
2013,"147",8931,25.3122132554225,16.1165754403786
2013,"15",9017,25.3464430634303,14.2296218488659
2013,"16",9017,25.3464430634303,14.2296218488659
2013,"186",110227,25.7426840718036,12.0678317846926
2013,"192",110740,25.3592985973803,11.7618860029918
2013,"23",170136,21.9353070508857,5.85264645391869
2013,"24",14185,24.5569117607126,4.57703853272266
2013,"242",110435,25.9716756708393,16.7918594445148
2013,"25",1045611,21.0587769718507,17.3962766683126
2013,"306",64,23.4450876060928,4.25140871386678
2013,"31",9086,26.3785485538031,7.19517232525568
2013,"339",8906,26.3465676358175,5.60399036574866
2013,"389",9313,28.9090475451907,8.60464504153964
2013,"390",808,29.5275612540541,6.82300987584814
2013,"391",9322,29.0493091222238,10.0057072306367
2013,"393",9373,31.4986367935994,14.4101658313233
2013,"395",110899,24.100508345117,7.04529468175259
2013,"400",9288,26.6883679053337,8.50611647979083
2013,"413",9025,25.2604499705659,10.6165414425413
2013,"414",9025,25.2604499705659,10.6165414425413
2013,"416",738,23.933668089814,5.06274343807342
2013,"417",738,23.933668089814,5.06274343807342
2013,"6",1275,24.7125731466135,5.44900847309075
2013,"7",111593,25.292238160235,6.70571814830435
2013,"93",9219,29.091407968612,8.89217040604356
2013,"94",9273,28.8751908245125,7.37414209361892
2013,"96",796,29.1137824751533,5.85500308790523
2013,"MIDAS-5222",110665,23.8444652414944,13.5769427958964
2013,"MIDAS-9961",110435,25.9716756708393,16.7918594445148
2013,"WI-153112",109602,24.2504863117497,19.5007629539554
2013,"WI-443210",8772,23.7795294456732,6.70114989416892
2013,"WI-593072",8939,25.0831495746211,6.61296389876034
2013,"WI-643451",108132,23.8507280922174,11.9931250137699
2013,"WI-683143",111096,26.2228315701924,12.6156436561119
2013,"aba14",1038367,25.4806293367728,21.0395401945103
2013,"aba15",6632,21.7643769636752,6.30853827515402
2013,"aba27",12809,20.7966877438618,7.82850922707936
2014,"1",8478,23.7676649346039,5.91492890276422
2014,"115",730,26.0659199717687,15.6095488707284
2014,"117",825,30.9480607867738,8.38588307881245
2014,"118",9358,30.1468039000763,9.24197409915966
2014,"119",112796,30.2200349745399,15.1455745486069
2014,"124",9102,24.2963260591884,8.84990080529459
2014,"147",8931,25.7685903140287,16.5024608629731
2014,"15",9017,25.7101891210185,14.64544172213
2014,"16",9017,25.7101891210185,14.64544172213
2014,"186",110227,26.0869081444887,12.3507989542597
2014,"192",110740,25.1846995605066,11.8272535467815
2014,"23",170136,21.0884285822991,6.07757938982764
2014,"24",14185,23.7408329843999,5.07300680514459
2014,"242",110435,26.4050778706078,16.9751976159864
2014,"25",1045611,21.0852597706943,18.9905789581147
2014,"306",64,24.5173333614692,4.2133641275748
2014,"31",9086,25.4295211888639,8.18965373416354
2014,"339",8906,25.8163151105861,7.16128001917116
2014,"389",9313,29.4006488899144,8.59097887821616
2014,"390",808,30.0953644409757,5.80302224746737
2014,"391",9322,29.5683926792329,9.86095513027173
2014,"393",9373,31.1152508023504,13.5760672210258
2014,"395",110899,23.7764058802504,7.28689658606747
2014,"400",9288,25.673102138284,9.1403079709977
2014,"413",9025,23.8045528294436,11.5175530176851
2014,"414",9025,23.8045528294436,11.5175530176851
2014,"416",738,23.3710994263696,4.95400080788544
2014,"417",738,23.3710994263696,4.95400080788544
2014,"6",1275,24.516125819175,5.4878845038597
2014,"7",111593,25.078053247806,7.18334978819619
2014,"93",9219,29.2857995950826,10.6078119906013
2014,"94",9273,29.8307260134882,7.69658360803701
2014,"96",796,29.6417379575279,5.86770880594102
2014,"MIDAS-5222",110665,23.6732232112577,14.5232802096957
2014,"MIDAS-9961",110435,26.4050778706078,16.9751976159864
2014,"WI-153112",109602,22.5331100674537,21.3831625973819
2014,"WI-443210",8772,22.9304345044365,7.2186938710677
2014,"WI-593072",8939,24.1699052562015,7.18922172471194
2014,"WI-643451",108132,22.8437908369835,12.7018339269643
2014,"WI-683143",111096,25.5304713336594,14.4612345548613
2014,"aba14",1038367,25.5167650615659,21.28119830904
2014,"aba15",6632,22.8880419036737,6.6594860766938
2014,"aba27",12809,22.0628319273735,7.13993832900367
2015,"1",8478,24.1700229629813,7.0707987358406
2015,"115",730,26.0497759186118,16.3630028325879
2015,"117",825,32.4540917755216,8.03675356299374
2015,"118",9358,31.3820069447076,7.20662816982708
2015,"119",112796,31.7680866191105,12.2913099711728
2015,"124",9102,24.4590174125946,8.26613889632846
2015,"147",8931,25.345042222649,16.4715488607828
2015,"15",9017,25.312853428963,13.9797351294268
2015,"16",9017,25.312853428963,13.9797351294268
2015,"186",110227,25.7594978632881,11.6623096414546
2015,"192",110740,25.4127129241796,11.5691139806138
2015,"23",170136,22.7430459300252,6.03499208741474
2015,"24",14185,25.5363354337783,4.72662854427072
2015,"242",110435,26.178279247916,16.9796812952801
2015,"25",1045611,21.0451959128478,17.329868254202
2015,"306",64,22.7690444747396,4.20759981881143
2015,"31",9086,26.0826674829893,8.18615398723285
2015,"339",8906,26.4786878162323,7.28597900579244
2015,"389",9313,30.4314131307956,7.18007682694725
2015,"390",808,30.286824122692,5.31032437968523
2015,"391",9322,29.9251880450053,8.26809583238144
2015,"393",9373,32.6659848380749,11.6010031571064
2015,"395",110899,24.395390979527,7.37679777487534
2015,"400",9288,26.9357900382742,9.21538627488727
2015,"413",9025,24.7931665760635,11.4563446288129
2015,"414",9025,24.7931665760635,11.4563446288129
2015,"416",738,24.0591181763056,5.41493627695493
2015,"417",738,24.0591181763056,5.41493627695493
2015,"6",1275,25.9213077136894,5.55554014316733
2015,"7",111593,25.5187230668626,6.6964197094685
2015,"93",9219,30.318680705205,9.26306452090597
2015,"94",9273,30.1841656762431,6.72995750126621
2015,"96",796,29.915872653019,5.40861960242181
2015,"MIDAS-5222",110665,23.7218038861416,17.2703882067565
2015,"MIDAS-9961",110435,26.178279247916,16.9796812952801
2015,"WI-153112",109602,23.5806323377538,18.4788299592244
2015,"WI-443210",8772,23.4780031702404,7.68110343953838
2015,"WI-593072",8939,24.6736222053895,7.63773355715705
2015,"WI-643451",108132,23.6643331459923,13.2653648427591
2015,"WI-683143",111096,26.1191776901279,14.5320539589835
2015,"aba14",1038367,25.7028395306871,22.3972982902715
2015,"aba15",6632,22.4296230145896,7.11299758147629
2015,"aba27",12809,20.8195796282853,8.33302695860349
2016,"1",8478,22.6344829905799,6.902121811366
2016,"115",730,24.9731746093349,15.9613438463434
2016,"117",825,32.4953029986668,10.6762155911142
2016,"118",9358,31.6170786786932,9.93850384548452
2016,"119",112796,32.0975972433751,16.9120958784397
2016,"124",9102,25.5079977064265,7.72877676828951
2016,"147",8931,25.981824392656,16.2034317184399
2016,"15",9017,26.1603472313295,14.163045825009
2016,"16",9017,26.1603472313295,14.163045825009
2016,"186",110227,26.5693405051886,11.6793377508129
2016,"192",110740,25.806034445183,11.0262414295956
2016,"23",170136,21.8111911694983,6.02382805808255
2016,"24",14185,24.8736338708005,4.89750597355638
2016,"242",110435,26.7533479005729,16.806598142983
2016,"25",1045611,21.540316472432,17.6766459181754
2016,"306",64,23.6020090908776,4.19408080760773
2016,"31",9086,27.4691656506432,7.29895952870737
2016,"339",8906,27.5988798777262,6.55937538610975
2016,"389",9313,30.6878800814712,9.33723852982066
2016,"390",808,31.4060118916251,6.66147388569023
2016,"391",9322,31.1385090269628,10.6698398029743
2016,"393",9373,32.7967918980774,15.6455859878587
2016,"395",110899,23.5163651110283,7.38784791995452
2016,"400",9288,27.7253615015178,9.39071749657738
2016,"413",9025,26.5244592570644,9.78090759547236
2016,"414",9025,26.5244592570644,9.78090759547236
2016,"416",738,25.0101937579917,5.33712227073897
2016,"417",738,25.0101937579917,5.33712227073897
2016,"6",1275,25.1656635900602,5.6418551004656
2016,"7",111593,26.6124543551016,6.83314669404654
2016,"93",9219,30.5610063952566,11.8051299353958
2016,"94",9273,30.806679316815,8.30761431220424
2016,"96",796,30.539626989495,6.23352519801519
2016,"MIDAS-5222",110665,24.2027328157632,14.5218876728192
2016,"MIDAS-9961",110435,26.7533479005729,16.806598142983
2016,"WI-153112",109602,25.3688906964042,20.4696521025007
2016,"WI-443210",8772,25.0255951071873,6.92771554514344
2016,"WI-593072",8939,26.135195726679,6.86774224316745
2016,"WI-643451",108132,25.146612262327,12.6578495551345
2016,"WI-683143",111096,27.6399918091626,13.2435325407016
2016,"aba14",1038367,24.5316218130143,22.0151288558208
2016,"aba15",6632,22.1030651880805,6.97493740193291
2016,"aba27",12809,20.7390935866195,7.65134086852252
2017,"1",8478,23.741690965335,5.78308088830851
2017,"115",730,27.0850205995069,15.6694020649442
2017,"117",825,32.6894094551348,10.9219905656345
2017,"118",9358,31.4765300598389,10.0594533964548
2017,"119",112796,31.5905943835975,16.3903065087748
2017,"124",9102,24.7348728328664,8.09400620664493
2017,"147",8931,24.9935682785129,15.8045958336268
2017,"15",9017,25.2314740845591,13.3407581158558
2017,"16",9017,25.2314740845591,13.3407581158558
2017,"186",110227,25.4175049345318,10.9689767396625
2017,"192",110740,24.7469486685731,11.349027269562
2017,"23",170136,22.661156101654,6.09080656159961
2017,"24",14185,25.099504973028,4.64196953511009
2017,"242",110435,25.7246171753183,16.1994115211251
2017,"25",1045611,20.5937788282029,19.11658345121
2017,"306",64,23.4627271064114,4.17992858887678
2017,"31",9086,26.3311946534488,7.53182857412227
2017,"339",8906,26.0605192482624,6.23495245016034
2017,"389",9313,29.9902294443028,9.56216084330484
2017,"390",808,30.8977582381762,7.0600407061299
2017,"391",9322,30.2854376795977,10.8954102184469
2017,"393",9373,31.9971788968644,15.9373738456368
2017,"395",110899,24.6809898167824,7.34683243302709
2017,"400",9288,27.3757483215975,9.65223045447225
2017,"413",9025,25.2596529299546,12.1839066391555
2017,"414",9025,25.2596529299546,12.1839066391555
2017,"416",738,24.3392495697936,5.35938504567556
2017,"417",738,24.3392495697936,5.35938504567556
2017,"6",1275,25.686071609731,5.73976353390539
2017,"7",111593,24.9026957737769,6.32808683583746
2017,"93",9219,30.3667192655563,10.8101720264341
2017,"94",9273,29.989825266413,8.2713966975331
2017,"96",796,30.317094539321,6.18965907046887
2017,"MIDAS-5222",110665,23.2503742715595,16.1670513869825
2017,"MIDAS-9961",110435,25.7246171753183,16.1994115211251
2017,"WI-153112",109602,24.1809354059911,19.7930238642889
2017,"WI-443210",8772,23.4378018057901,7.46665235539377
2017,"WI-593072",8939,24.7917642114429,7.01582698088582
2017,"WI-643451",108132,23.8425797186716,13.3024356744515
2017,"WI-683143",111096,26.4468137109742,14.8983780678977
2017,"aba14",1038367,26.324871694978,21.9539924762803
2017,"aba15",6632,22.1374637559593,6.73149259113662
2017,"aba27",12809,20.258103828056,7.73309975429139
2018,"1",8478,23.1330762349834,6.26446917182554
2018,"115",730,25.7825112647764,15.2063983781656
2018,"117",825,32.680750947353,9.31409729282213
2018,"118",9358,31.5142043385702,9.02733879090273
2018,"119",112796,31.5571060831595,15.8862253669622
2018,"124",9102,25.966713332197,7.24560168255945
2018,"147",8931,26.9100370991829,15.8482093374355
2018,"15",9017,27.057313918524,13.0132926602649
2018,"16",9017,27.057313918524,13.0132926602649
2018,"186",110227,27.2924780718633,10.9537542715974
2018,"192",110740,26.4929504067138,10.4968597636479
2018,"23",170136,22.3788353633058,5.86370448046318
2018,"24",14185,25.240014958348,4.5724725163078
2018,"242",110435,27.6321224044391,16.1317574411081
2018,"25",1045611,21.8109798428642,20.1652851464889
2018,"306",64,24.3337522037361,4.1772379181603
2018,"31",9086,27.5009055705181,6.19390965497975
2018,"339",8906,27.0408969677184,5.43926766001345
2018,"389",9313,30.5006501838579,8.78706194517881
2018,"390",808,30.6792692437993,6.197100212443
2018,"391",9322,30.4653105592953,10.3269763243343
2018,"393",9373,32.3819163157317,14.9954082837367
2018,"395",110899,24.0654705058166,7.17457510374103
2018,"400",9288,27.1742641622759,9.49445175760031
2018,"413",9025,26.6945899852908,9.712809907256
2018,"414",9025,26.6945899852908,9.712809907256
2018,"416",738,25.6672730141279,5.01803932360996
2018,"417",738,25.6672730141279,5.01803932360996
2018,"6",1275,25.8947818591843,5.83859803439614
2018,"7",111593,26.6445569076454,6.36928855269992
2018,"93",9219,30.4385425495619,10.5903924809374
2018,"94",9273,30.673300658717,7.69545988570929
2018,"96",796,30.1380281879553,5.82066105128007
2018,"MIDAS-5222",110665,24.7099891818035,13.5276484655836
2018,"MIDAS-9961",110435,27.6321224044391,16.1317574411081
2018,"WI-153112",109602,25.2050284494338,21.6364711656938
2018,"WI-443210",8772,25.3799122348365,6.83298926940254
2018,"WI-593072",8939,26.3016239015889,6.15652458372755
2018,"WI-643451",108132,25.5608456212855,11.4279931497134
2018,"WI-683143",111096,27.6612493299928,10.9112539186628
2018,"aba14",1038367,25.5222724055143,22.6009725386221
2018,"aba15",6632,21.6001145540749,6.9325234360077
2018,"aba27",12809,22.4384246280208,6.8089781677745
2019,"1",8478,22.4712414471786,5.97100339230367
2019,"115",730,25.4621994380923,15.4071446151775
2019,"117",825,32.7643790252728,9.57834746769449
2019,"118",9358,31.6252556479089,8.62714315395941
2019,"119",112796,31.7945188747209,13.7590786806934
2019,"124",9102,25.5053429996228,8.80486701097762
2019,"147",8931,26.3878242189007,16.3802054306294
2019,"15",9017,26.8486993778846,13.8668015150512
2019,"16",9017,26.8486993778846,13.8668015150512
2019,"186",110227,27.1333159186898,12.0174888711149
2019,"192",110740,26.5106889985073,12.0388612026935
2019,"23",170136,22.7636533358949,6.10547625411415
2019,"24",14185,25.4266982729038,4.65278284992764
2019,"242",110435,27.339483325584,16.8514159346471
2019,"25",1045611,21.4946377040563,16.3203655891938
2019,"306",64,24.782470618487,4.18941629402771
2019,"31",9086,27.2022285791431,7.31322385095999
2019,"339",8906,26.5539365306094,5.8386005532205
2019,"389",9313,30.3025461376367,8.34174452336893
2019,"390",808,30.7002986376651,6.28250200898609
2019,"391",9322,30.4321300417913,9.87087464677323
2019,"393",9373,32.4227375513734,14.1541035461879
2019,"395",110899,23.5372153125234,7.15598913397998
2019,"400",9288,28.1660810214859,9.59185866828496
2019,"413",9025,25.7105470637576,11.4374175761959
2019,"414",9025,25.7105470637576,11.4374175761959
2019,"416",738,24.671107651411,4.95197556463505
2019,"417",738,24.671107651411,4.95197556463505
2019,"6",1275,26.096642804723,5.90840560750241
2019,"7",111593,26.9093605465274,7.14726512527164
2019,"93",9219,30.5716382489951,9.24878891033093
2019,"94",9273,30.4916562206182,6.75773496558476
2019,"96",796,30.6289715943502,5.50254296454564
2019,"MIDAS-5222",110665,24.8011260033193,14.9626658485337
2019,"MIDAS-9961",110435,27.339483325584,16.8514159346471
2019,"WI-153112",109602,24.3593478776521,18.8721364470286
2019,"WI-443210",8772,25.1399139498288,7.16121099101324
2019,"WI-593072",8939,26.0760787073269,6.81106613232112
2019,"WI-643451",108132,25.3620109703895,12.9568715138515
2019,"WI-683143",111096,27.3606273892329,13.6314244682734
2019,"aba14",1038367,24.6792530156799,22.4513608855227
2019,"aba15",6632,20.7901845393093,7.33041220532655
2019,"aba27",12809,20.3003840903789,7.4128376870849
2020,"1",8478,22.3613557120315,6.72384046302302
2020,"115",730,24.997619653793,15.2510310971282
2020,"117",825,32.3601615358863,10.8098310534876
2020,"118",9358,31.3565622412274,9.46433055428184
2020,"119",112796,31.2328674273183,14.5866578267523
2020,"124",9102,25.7143023989341,9.35705806812473
2020,"147",8931,26.2073782612084,16.5697597269206
2020,"15",9017,26.4244634116383,14.8135624042138
2020,"16",9017,26.4244634116383,14.8135624042138
2020,"186",110227,26.8228723414445,13.2758355310748
2020,"192",110740,26.390191061766,12.9652344973282
2020,"23",170136,22.1431946375903,6.0829906952414
2020,"24",14185,25.1011010269075,4.95392806023162
2020,"242",110435,27.1508921974792,17.4089140225443
2020,"25",1045611,21.8524180120586,17.3393942555259
2020,"306",64,24.7143156797391,4.2323705301162
2020,"31",9086,28.0679573044474,8.35070514279076
2020,"339",8906,27.9597537351667,6.49895959275428
2020,"389",9313,30.2897495292797,8.6384614713541
2020,"390",808,31.1352292436315,6.77495833482146
2020,"391",9322,30.9363241487205,10.1076842681215
2020,"393",9373,32.3215389513076,14.8497300187354
2020,"395",110899,23.5879081946403,7.19033314850484
2020,"400",9288,27.0054377203444,9.6381930470817
2020,"413",9025,27.2399593538492,12.6148225663956
2020,"414",9025,27.2399593538492,12.6148225663956
2020,"416",738,25.9216912184692,4.89921908043686
2020,"417",738,25.9216912184692,4.89921908043686
2020,"6",1275,25.612262348371,5.95144862320263
2020,"7",111593,26.6918191627344,8.0943567337786
2020,"93",9219,30.4189824900811,10.2749278709019
2020,"94",9273,30.6440925799962,7.50330809254054
2020,"96",796,30.1172338546022,5.85013753700162
2020,"MIDAS-5222",110665,24.9583475710027,16.0997346865535
2020,"MIDAS-9961",110435,27.1508921974792,17.4089140225443
2020,"WI-153112",109602,26.091109582942,18.631199612407
2020,"WI-443210",8772,25.6535861140151,7.43825505719905
2020,"WI-593072",8939,26.4528468702977,8.27147298880159
2020,"WI-643451",108132,25.7470571360184,13.5775923200047
2020,"WI-683143",111096,28.2191482003885,14.7784145904263
2020,"aba14",1038367,24.5089960512162,21.8172673566323
2020,"aba15",6632,21.7749113932498,6.47014184973265
2020,"aba27",12809,21.1059472778065,7.42141960058778
2021,"1",8478,23.8232460300765,6.52207804476496
2021,"115",730,27.1939313793999,15.7499429537021
2021,"117",825,32.206024072016,7.96149530110881
2021,"118",9358,30.8680690141762,8.78332968144613
2021,"119",112796,31.527746941539,15.0997819789559
2021,"124",9102,25.7811359017303,8.94952102614394
2021,"147",8931,25.3500905182932,17.3682441168208
2021,"15",9017,25.3777946644933,14.9676507120017
2021,"16",9017,25.3777946644933,14.9676507120017
2021,"186",110227,25.7479703196268,12.6887504483818
2021,"192",110740,25.3986251209728,12.6450141776077
2021,"23",170136,21.7675462487242,5.91667301655614
2021,"24",14185,24.4487209097291,4.63445350899655
2021,"242",110435,26.1250331651074,17.730461311521
2021,"25",1045611,21.4685260334367,20.2475600128964
2021,"306",64,24.0914380963522,4.21111731895381
2021,"31",9086,27.6963861410254,7.23265723056065
2021,"339",8906,27.7477830815091,6.23399441493893
2021,"389",9313,30.4269131071591,8.47195119911216
2021,"390",808,31.1472888436048,5.51812993064181
2021,"391",9322,31.259988392129,9.40516131876617
2021,"393",9373,32.3271247440629,13.0069770120004
2021,"395",110899,24.8175594973204,7.37768391207978
2021,"400",9288,27.1917693820237,9.0531052830273
2021,"413",9025,26.4455928194165,11.8260801020475
2021,"414",9025,26.4455928194165,11.8260801020475
2021,"416",738,24.7771096852474,5.13347407246956
2021,"417",738,24.7771096852474,5.13347407246956
2021,"6",1275,25.0399678980099,6.00856981641541
2021,"7",111593,25.6768865644589,7.00811908353636
2021,"93",9219,30.3922708971664,11.839222286652
2021,"94",9273,30.4714658392056,7.87121196301503
2021,"96",796,30.5855041437921,6.01747418766494
2021,"MIDAS-5222",110665,23.9052827608853,15.6352125629092
2021,"MIDAS-9961",110435,26.1250331651074,17.730461311521
2021,"WI-153112",109602,25.2292481464329,21.4769165324649
2021,"WI-443210",8772,25.2509860358416,7.33624857530799
2021,"WI-593072",8939,26.4056955166874,6.97697732153325
2021,"WI-643451",108132,25.5406376895318,13.2618820146466
2021,"WI-683143",111096,27.5010890273809,13.9647074265237
2021,"aba14",1038367,26.1080443641278,21.6548501397929
2021,"aba15",6632,22.3148234904542,7.00700666526872
2021,"aba27",12809,21.8871841038838,7.56062515207068
