LakeID,epi_sd,epi_depth,hypo_sd,hypo_depth
1,2.1927775604068036,10.99511317793326,1.2530454045160344,14.61529273532754
10,0.8571388272336402,5.1638062776837605,0.8624817335714782,10.059882047613689
107,6.477958065907649,10.537563600793248,6.925091542088153,11.425756238126567
109,2.6954435660033393,7.588829848269534,3.228549141656857,9.378533017130662
11,0.7391056266105813,3.596643595171754,0.7129220262739604,7.758259646808278
110,1.9925117854850545,11.9135254742862,1.7316122824862088,14.416745591969304
111,NA,7.409386191152064,NA,12
114,1.5510606735878794,7.7393225620112975,1.129541212477471,12.717929304792237
115,3.101846606843106,12.161902089273628,2.535987177750235,14.939062936295025
116,0.9943428954801529,5.499657850798485,0.4201767187299337,9.460319520017194
117,3.3785918667901442,18.192095697025795,2.3606193719888857,21.329599664639257
118,1.5039164689499365,8.570649560450663,0.9661273960925489,12.444328092794716
119,1.9960789249657858,4.821918416278015,1.4126974124032163,10.588435282439672
12,0.6258697587962967,4.632295368433183,0.7465814593917579,9.207755014658824
120,1.7680731039743147,6.39841773848047,1.1034697238877342,11.51678558838939
122,1.0874951860373414,6.597155621918692,0.7464826166515751,11.290566566149971
124,1.0811639339783712,6.045262291182085,0.8431132846033386,11.979000229999276
126,1.4237968736802071,4.970178614871891,0.9048143185748951,10.694686939799308
134,1.1729350540088346,5.080609599513566,1.0530472398670774,11.755632383235376
135,1.0125500151945037,3.725254613023824,0.9353551068414124,9.634489094789142
136,0.9291908054932619,4.870030640246204,0.9870868058860739,8.88255560041236
144,0.8548577265321353,2.5338629283998917,0.6303366440181642,7.645416550343198
145,0.17761314769163672,4.698079850941098,0.6309898162000305,8.277777777777779
146,1.4034903483091863,4.558707540372799,1.4983228410770963,7.932088479245644
147,1.2050485885929219,9.803140049345316,1.0010071306392916,13.86627976856464
148,1.5088387179146252,2.3031809650918555,1.8794371879671607,3.9195847961005708
149,0.8058446717984766,3.7327651640289448,0.6451074897172505,7.577902448259864
15,2.6609194660131448,6.480478193907681,1.6682640308660885,10.684963440458517
150,1.0211325888712337,1.0178747190902966,0.9467004964957816,3.4722222222222223
153,2.5297580189336135,5.988984875691354,1.3272279163579814,10.982290223128945
154,0.9991410849027769,1.8467173825399903,0.4717845542529726,6.373634899770718
155,0.7692041959637869,4.109219690767146,0.42447898948960056,7.514037749647394
157,0.7207995487067016,1.8676929385551528,0.5621979658736046,7.044028106510136
158,0.5566789129480718,1.4367391857519758,0.4758289432495773,6.249290095355365
161,1.1134535173054834,0.9770372928266753,1.0707048308519396,2.804828385363254
162,0.5209209758551154,0.38328617299143825,0.7524785881960497,2.627832317334517
167,0.8288870120344238,1.1165401829118833,0.3956890778804166,3.7787365362352245
168,0.7329206245329032,2.780534035557175,0.6159113563510972,7.652264279114951
17,1.195705397201618,2.6410225532241034,0.6172133998483675,6.333333333333333
171,0.6515107900862624,0.40868643081122025,0.4132633273188617,4.850189717148265
172,0.7576794291753534,3.7602209712621195,0.5922892940778915,9.116484576901206
173,0.8129974373198783,3.5975170700592307,0.7339691543214203,8.879292497537389
174,1.7178330663929673,5.670295744842116,0.9996458118695795,11.448558203530274
175,1.539422819169138,6.236760439935088,0.912879754025944,11.091929607984099
177,0.7910267794689114,2.9325567997466604,0.7156205790065691,8.33291753205231
178,1.6807496972819425,6.602140941995698,1.124394351604773,10.87922147837123
179,0.7815035144227244,2.716500812797205,0.30890167824052245,6.875318653848873
18,1.2402501263306471,1.886335752270251,0.41617618189786515,4.944444444444445
180,0.9459575096373923,1.8062279360365072,0.4477919498702741,5.393910321347485
182,2.1507698138990055,5.829186705879067,2.273339706351496,9.32850808158143
183,2.4653943741186737,3.1054585390044176,1.2631151364152213,7.414033461313158
184,1.2330905561674919,2.7337637259750016,1.2845953269031278,5.468908016372238
186,1.6152076984590191,4.5536031544729925,0.9222176465984185,9.405733639280523
187,1.175468364903802,3.3624035504230907,0.6567128888772031,8.615477874782844
188,1.0924045545444168,4.377504078991412,0.4428302972741556,8.906416339336628
189,1.0576058719831838,3.4955322384374723,0.48538746161004503,8.532477165245439
190,0.9658788619241319,4.849924926598372,0.6314437252084788,9.766438578764918
191,0.7351031464322877,3.622852869789502,0.665591101333649,8.527438394937576
192,1.3436622662320639,5.497359021590577,0.8399610422375144,10.555869021569688
193,0.9279809626674894,5.225082815652929,0.8789538277476049,11.127297212215867
194,1.4461855097264638,7.258580517039598,1.0716266074232583,11.538675070051474
195,1.755505231465206,3.8290969357329434,0.9014012871996486,9.174377916919452
196,1.3529230233709562,3.6184304625352,0.7765551601369023,9.263331650511233
197,1.1966898013129301,1.5880525345856868,0.40610633142657127,7.085029733770019
199,0.8156338643561011,4.307272374057704,0.6661363057069427,7.837549737190387
2,1.4059729239918985,6.608751492025571,0.7323286320991818,11.486903491088645
20,1.1990604476199007,3.6094543575683566,0.7004364256909644,9.095121476502783
200,1.349729481873362,4.123845312916263,0.709409872364794,9.425629702578986
201,0.8607024353001499,2.1397240576607817,0.47123098373519035,6.6850958155002145
202,1.036208210506555,1.763346391445971,0.3758777588173083,6.501764345318337
204,1.3149641599231279,6.083867250601975,0.980289143176602,8.863359879361667
205,1.1402798785460564,4.223042763776424,0.7082180986952897,9.318039587450384
206,0.9384130401680232,5.26661867872904,0.9177470529975335,10.462383390652006
207,2.473458696823541,4.98507500365735,2.8748043326756374,7.250279317438526
208,0.8905389531703379,2.034686765454014,0.5453208736691795,6.797657144059663
209,0.9846936376763507,3.5433984540326273,0.8480208199035034,8.401351104161138
21,0.8428838490938942,1.056350079602065,0.3230662622980147,6.972456086877528
210,0.9220475407571805,7.22068978067188,0.7066504393225749,11.637934439475334
211,1.3599855511091838,6.156287254420769,0.849888704496768,10.123679970590139
212,2.4928561286477136,7.376223924196441,1.7756831376175066,10.824216119678857
214,0.5583037222465222,4.430752750896771,0.6522054189930518,10.105923697221236
215,2.882963789544506,5.706339682345468,1.0401077929267881,10.762906797234706
216,2.474636322156726,7.03391780775265,1.6189843272643007,11.109060354482203
217,0.9106551858393668,3.7644561898421958,0.7520088202476644,8.959923258324027
218,1.1409084314853273,4.6186728679794875,0.7604962463874239,10.208939885667805
219,0.8708345918657261,1.8872302561034529,0.3141928034596306,6.8276857581124935
22,0.9143647420958553,3.241970227687107,0.4484175040634689,8.225447204749894
220,0.6043562256426128,1.3770127120297353,0.47934954557289894,6.757526651179663
221,1.0876022491086343,3.4887350855616894,1.2616108562402497,8.034433475217773
224,1.4131009508360939,4.312124880242031,0.6984449136761792,9.462230744541793
225,0.8797702182119193,2.849008120095664,0.5121329507494862,8.169526808858894
226,1.891915467908386,5.0748745548885585,1.2591215471764072,9.953767851214266
227,1.1123766282936576,1.436913407703703,0.6832759552054775,6.069283405205468
23,1.7122493639184315,5.716948099335021,1.2753386532781876,10.9483515650686
230,0.7749616208341025,5.249820236342925,0.5905705306256184,10.22187851283743
231,1.5723730521548516,7.075585721617859,1.3028947241844169,12.014122914936568
234,1.6333370396448867,6.627997676780703,1.196048257935949,11.341316918496
235,1.8616992249262392,7.464887461265221,1.0502893066664512,11.518692104106393
238,2.0502768045898665,7.236959721225189,0.9448145602912709,11.725198598386047
24,0,0,1.6727676065935513,9.450315229789114
242,1.3462243738397415,4.998242310874985,0.6948014886078229,10.069143086246177
244,0.9229076982366442,3.2765587739160438,0.9563719666248128,8.800505402829161
245,0.8723274897756006,3.2137411585244413,0.2934042851438479,4.83060295699081
247,1.2023084408153106,2.557485788531827,0.49030501415950717,8.222583698832901
248,1.6372068503500368,2.933387111448583,0.7715343829527963,8.741671384691148
249,1.1363186204506073,2.1867773615428563,0.5578934088918517,5.786924143542293
25,1.6374351787733372,9.079158987391871,1.1302222405344657,13.128455688061285
252,2.5763895766698353,6.360603259155111,1.3364206447612117,11.520393110687168
253,1.062649475601398,3.0795977753458095,0.635566656393872,7.611868328493184
254,1.5624477947124074,1.630568251726852,0.6508960192183516,7.378326947356167
255,1.7054437489937222,3.115399724233546,0.8554421155360025,8.79272820274505
256,0.9633245814241933,1.606601323538945,1.267479028113084,3.296633971590449
257,1.0703982206602995,2.702334199933021,0.5405355511817499,6.394403928550452
259,3.4022736899649364,5.402760303201401,1.8172937090912678,10.059776767514583
26,0.7602796369342335,3.2654387620013043,0.3472749600638594,6.88875519064723
260,1.2279142714920435,5.740898104331602,0.7524326448252253,10.502687507654763
261,2.154273942703811,7.896610291888562,1.5096590694667225,12.421859371419236
262,1.0411696004788886,2.97554763657067,0.5969925362548493,6.75603290575774
263,0.91738768581885,2.7635985241370546,0.49271775842561216,7.814062988347579
264,1.244487897741627,2.5761800742329752,0.6210741117186587,7.881115560475013
266,1.570891317883129,4.926611374154144,0.8205113261477012,10.078856739953384
267,1.23989509413037,1.876944967939025,0.6193583526788574,7.362073115528886
268,1.0477046362404518,4.756577592126076,0.6046517933942985,6.58926199084638
269,1.1602359415337715,5.8288791795232795,0.7985030705544077,10.84888413480756
27,0.9073294909362377,7.295753372997585,0.8778036141162882,12.309599999641051
270,1.9757754965657455,5.082463333689801,0.9902344217291937,9.98921544021877
271,1.0802456374763336,1.8635256568211853,0.5109923931994789,4.480354469201343
272,2.063212741490526,3.7821681390394732,1.166310123229487,9.89853260261388
273,1.1252942149947343,1.600079767031242,0.3779538166156936,5.208877143553145
274,2.109693922524951,4.189280937365024,1.033534366266446,9.252194891715622
275,1.092167475231865,2.2509058900346988,0.44248339683439736,6.8939087412449895
277,0.6476709220873843,0.45644042138241825,0.6264074784791654,3.8877701491661023
278,0.5778723459724221,0.6391769390993471,0.4597793588489259,4.647058823529412
280,NA,1.2914910612154487,NA,5
281,2.144376068941832,0.7587706320622475,2.212510449613802,5.225295812868275
282,0.2706876298760264,0.057710796598171195,0.3383272381345498,4.103556330508271
283,5.0913312616274435,10.90700009148839,3.1366826025840595,14.112600794043649
285,0.7946033619041187,0.22140166526074956,1.1374494350474607,6.085873365961369
286,0.4236825269378826,0.15947663038725532,1.0868343536199896,6.0951105544243855
287,4.869261154514607,9.103257793012041,4.0992446552249575,14.728447033582706
288,2.494622724171024,1.2989957017750755,1.8121285661337505,5.879081865352041
289,2.9722182632978673,2.8334470669875658,2.696083567294907,11.055166388404857
29,1.1918870879083008,6.398991356698596,0.9338855999749832,11.43263277204993
290,5.124046020967014,4.091643289559208,3.9298817561981507,7.906605560482922
294,3.2224807721499165,4.118760155674189,2.9467796276444838,8.916363239137624
295,0.22724866359045598,0.06406421908969216,0.8050765160381237,5.612742389483586
296,2.1256831303271104,1.6345271747387138,1.5361430338417048,8.942581822121687
297,5.110992722840718,10.138447381701612,3.953871298060761,12.779042348418855
298,2.2860849893251767,1.2622862395465975,2.7247802311969087,7.788151727194697
299,9.681388028735617,12.823100902644699,8.880010465601208,14.435964014352805
30,1.6901991839139012,4.319361597797464,0.9075047931425053,10.244772816827282
300,2.2685471770691357,7.947896697302744,2.17474909331032,14.936784897048614
301,2.8416592335686435,1.4153001569145485,2.2889018307521583,4.9419712725348965
302,6.153737699666882,8.082522826106413,4.550326577937085,10.40158820367857
303,4.399321291818137,7.469263471108885,3.7352636115047884,8.926310554020663
304,1.7707626111490686,0.8417951931650267,1.9736254044312564,5.968490037827564
305,1.8872136276822737,1.6512966523952872,0.9224626594673356,8.420312375745922
306,2.88240693715938,18.0512759825659,2.3523972377032534,20.10593220766567
307,4.888730181827796,10.194320901006838,4.369272814989681,10.518075053711074
309,1.6174922609652498,1.3106817178771604,0.99591212080818,5.8855186630764615
31,1.173597490661216,8.760932782408153,0.8787325489744355,13.363262818876748
310,1.5627201712399865,5.291611724963189,1.8061306267642738,7.20470962768824
311,3.2928515917447205,11.386193349418438,2.6952183562693195,14.935044200513389
312,1.846294672278822,5.678609772089023,0.8971706188794054,11.219085435490221
313,0.9952284264793243,3.8896744977189144,0.5575470262501734,8.555701171820393
314,1.2073125312651918,3.7900545221542976,0.5183032574861847,8.878583731529082
315,1.2173403808524943,6.322851720955266,1.2236828710276026,8.152361713235393
316,0.762717933203514,4.007292423066808,0.6860153022574794,8.800964868424446
317,0.7027163672109906,2.5896839319988447,0.667728767322761,8.715043544192964
319,1.310394218352165,2.6041203953311087,0.5936027069763558,8.258502627236338
32,1.0229660245167254,7.182392500122419,0.776665133425369,11.888118449099808
320,0.8550980918176917,2.6126955026780636,0.2643613358658199,8.209688220519572
321,1.2730649422900342,3.2273808114388975,0.8342305953544594,7.910829437161802
322,0.7405370640318607,3.6569472877883493,0.6414289783971378,8.664317146679112
324,1.4785143228483992,4.112998482447948,1.0377911203483499,9.439707215768681
325,1.399804183280973,3.577713515547476,0.3897770530802867,7.190184432990649
326,0.9798938129429913,4.705790208196293,0.41704985499516745,8.006025145757752
327,1.1087852716830502,4.571979753676857,0.8780833573417405,9.760679718857222
328,0.5610955640239299,1.3930453204644049,0.26644998510119267,6.9006494475840805
329,0.8233311406348007,2.656065573865008,0.7306481292982986,8.145822939870683
33,0.9387314704534466,5.448288164757899,0.9326301514813944,10.54451816378551
330,0.730892738806136,1.7287303632402053,0.7535752512297955,7.392723907886266
332,0.7559363957029995,3.046299908923777,0.7600767197835938,9.008650120730387
333,1.3546922373939811,5.268955112274776,1.1620732197506178,9.752185581783756
334,0.716505327258037,2.232311586052374,0.42444669851134553,7.94548165222629
335,0.5638694787385261,3.872706914809062,0.44452364695742835,8.105676919562175
336,0.7124221332399285,2.653919727045911,0.5864440899468201,8.298893596334025
337,1.0566541948176031,2.9173496493854483,0.7786376748583503,9.043394770491439
339,1.74004876698739,7.801304091735601,1.2814094676681038,13.263277570242748
34,0.11154965014289736,0.08804423905821805,0.19859945123571565,3.5248937382938954
340,0.50086136522289,0.4428609956779547,0.3316542312338858,5.1352623093556256
341,0.5110314918397155,1.8643962194257808,0.6362389258682537,7.217402017760998
342,0.5229574883079522,1.725783038678944,0.5003298598729251,7.537473944180763
343,0.9987491029784105,2.291310715931152,1.4156148939673157,7.0825923508356015
344,0.9571147568868338,4.558004371950704,0.4983702802571958,9.599283867967072
345,0.8767793643063386,1.9276258168260845,0.401368104689423,6.468884119125508
346,0.9886792789526933,2.953551072942096,0.6035550494387973,7.178224075266807
349,0.9892410048892192,2.486333608234062,0.6514400495781603,6.6138385045914205
35,1.161997820971521,7.60988540117877,1.2512202791314033,12.268432902670023
350,0.70646211928687,2.1188537214134895,0.9473976688561442,5.219064294672795
351,1.3193571498047258,5.960489218567105,1.6069550261050192,8.754490439647528
353,0.8802563894633968,3.417392453564806,0.5863248772444619,8.441423322368255
357,1.0032641304151155,4.085782956266957,0.6618785228553952,9.500652713629645
359,0.6306981734571241,1.9150309649020956,0.515144583265245,6.954178028926895
360,0.6526089161776947,1.0956292009395776,0.3879236282797879,4.6806970928962155
362,0.4937548553085983,2.4543117173273306,0.5903537908498213,7.859732459005366
364,0.7937219346491107,4.175020624256327,0.5669864326673738,8.847455196970847
365,0.9074386673536959,3.128834520447916,0.37690547948191205,8.537906910195874
366,1.0866082549187115,4.873990181473007,0.9586940421051783,6.648355476421389
369,1.022143084929513,1.0324726623914802,1.0595407253098201,4.054581982639134
37,2.0141140285075285,6.677011765367145,2.4568830408111286,8.94810192244213
370,0.6841924974750748,1.0645247410476728,0.5561010509511974,3.3927491702108004
371,0.5107886540990006,2.507895097551098,0.5046622164985078,7.137030608832528
374,0.9973150079517046,3.1068923697502706,0.5517893612278173,8.723645134164158
375,0.5619708309189093,1.9458040513309445,0.42796078083542394,7.347945434414462
376,0.8812757511627853,1.9031711849514539,0.5055599635774934,7.1197433033447775
378,1.0162950921589478,3.437196416766234,0.9576519560315462,8.536416173079521
379,0.8756083961294434,3.66998032311847,0.41895878843360584,9.233308412290635
38,3.006585170666144,9.77130071609875,2.2330613039488183,13.493041450914003
380,0.5862224512769417,4.663817676467672,0.6224144963954601,10.233196541634229
381,1.2083810586118966,3.1183463453710534,0.7156980095122263,7.558161400574856
382,0.7128713195558466,2.2307188328971126,0.5359455547413425,7.786853339984233
383,0.4709428391849692,1.682728431240723,0.5398852444090281,6.541082657714016
384,3.4178559876424504,9.471128771803906,1.9940846170248994,15.005908977600383
385,2.1863955270755833,8.204205157495755,1.032787047116811,11.12734617599934
386,0.7610290976282156,2.1941997598718768,0.9074542715599374,7.729417631949865
387,1.290337247625642,2.8201219349171374,0.966229122274597,7.944323080944682
388,1.049823439121388,2.6482418641464096,1.04030103890484,4.903378779587648
389,3.5097203146784532,8.183522406611052,2.603115255192461,15.271048695182166
390,3.1860939375116755,7.633977735606716,2.1772233053999948,14.98259357752324
391,5.0024034153863965,10.402729027745124,2.4179052030468133,17.428604980365776
393,1.078185038470943,5.119759507645036,0.6175459589868815,9.272734234512965
394,1.3861449708053433,3.1961477567473624,0.8750708112387411,8.89808179066566
395,2.240666290039552,6.905950443903027,2.241177678066089,9.11389318696739
397,0.851781340527293,3.1676319520647898,0.848135849984532,7.164778200024954
400,2.4534584932141086,19.445468771031955,1.3154309158338258,26.031513667008234
405,2.493940604525838,5.977512029300995,2.6788984272691825,6.652948469527831
406,1.915199734535149,5.31060950870602,1.6525638702036338,6.127384976999304
408,2.3778571741451042,16.82717623468389,2.1658384996653126,19.92346633967265
41,1.512157864431644,5.568335311801966,0.8975682026817096,9.50629379356026
410,2.1696276758106388,11.48390210260362,1.0142206299064063,15.656660851684126
412,1.4398285192146403,4.778529615782375,0.8761555425903016,10.91138659874182
413,4.753912586615027,8.384284814289947,5.034479920942284,8.887612332181575
414,0.9832381333235727,5.288946742134577,0.6354583413114803,9.333777773567357
415,0.7435300986590829,2.6329917850062725,0.45506454914977534,7.382629308465698
417,4.759488494536604,13.250965833277576,3.0458778039633576,16.399198554847395
418,NA,2.520293782698987,NA,8.411610953244326
419,NA,1.7430718180548734,NA,5
420,1.6688424459628508,2.6995882135587363,1.1023478467001344,7.809675289229917
427,0.34008192950703103,3.3059044729821028,0.029788663548853987,11.379965255835582
429,1.066235747069267,1.5033048796810569,0.4260208962408824,8.124775402826288
432,3.6385077940666957,10.519797977492594,0.9334841167345455,17.722437075887584
439,2.066310905801575,3.0756828192575814,2.8284271247461903,7
440,NA,8.254109387508516,NA,9.268248685782545
441,1.1596104916987722,4.96485385038031,1.152156307177707,9.322408757829818
46,1.0493963423315598,4.916932519930022,0.8137039042241294,10.179025290655925
47,0.5713422698808884,2.077093866352086,0.4255982487482998,6.3738383314079545
48,0.48463845856600524,2.3591520512319915,0.511035095860418,6.700197258822888
49,0.5241367338594775,2.567870372443581,0.3797377520135143,7.289777416678046
5,3.45423736880256,6.849558683101417,2.6982837580419647,10.680240788357635
50,0.4701220783891514,2.9167889725464944,0.4395820036842574,7.531679194999548
52,0.9275249271791557,4.891905595774691,0.9873512103825707,10.122411680692327
53,0.5594780076388061,3.3321387195019274,0.529628673136317,8.227865183514172
54,0.49361479816652326,2.598141579933198,0.5415158734203599,7.460949733143286
55,3.33346378751499,5.261918713660448,2.7663236374562215,11.478014776652833
6,2.891404168028269,6.6299643019321985,3.3390603508178285,14.27865397383797
7,3.1455142570749492,10.616902303975536,1.8593330947328242,13.912011579237912
75,0.7007380071963103,0.606237859389361,0.46324117803704945,5.364582800935532
78,2.635159808040754,7.438238617417618,2.270429411358072,12.204267583508997
79,2.3846441601413613,7.661827513161462,1.4295474170730456,12.208770027544604
80,1.6301384297950998,3.148263730199401,0.7878028401787798,8.70340547062994
81,NA,1.526811813261406,NA,7.4771088610587775
82,0.991717309665125,1.6611189058228546,0.43292457475140805,5.190476190476191
83,1.4859297061357695,1.5850268736495283,1.172573799098689,7.657545816379503
84,1.0008846869894772,2.7929922486582934,0.4950304395980837,8.054559472739477
85,0.7611802609618316,4.802531079557638,0.6811263223219685,11.488714648076348
86,3.3339870369411666,2.3574848422091437,5.747954373198815,9.493432561331366
87,0.8340774995514038,3.5941762645818915,0.6594742086610155,11.28486912809734
88,0.7916039541197302,2.5161949065816303,0.92844160731024294,8.961781680599143
89,1.0926770017655567,2.0742461665644547,0.6166527347699772,8.250920773026719
90,1.3250152268670885,2.857759185484544,0.4442281159468796,7.3838139276489105
91,1.3213044278153352,3.642461846782791,0.4398117136165695,8.196969696969697
92,0.7054621501584988,3.4351675882128125,0.7456016752915244,9.388145091374653
93,2.2422156469342185,7.346334740803063,1.2254375102742523,11.746883500636713
94,2.2496340514340063,8.278111905654015,1.7020697748525733,14.50788855001279
95,2.725637762529139,7.0489362805429545,1.7820939464495362,14.720205210878365
96,1.4696346113258676,7.4467909416096925,1.0914086315772185,11.824102195712275
97,0.34047528746105,0.25942960076872773,0.5396731839957777,2.5912829983981305
98,0.22713854325525346,3.9411935157213107,1.425810329487035,10.243964364917792
MIDAS-103,0.8770743553944177,2.993998749223569,0.6334031160453654,8.39288990480753
MIDAS-1672,3.5749969480044066,11.184205622435565,3.4513438838375388,13.646413755150975
MIDAS-1674,1.6974786876327133,8.714186245382727,1.8264548529059546,11.093656213416299
MIDAS-1682,3.2318794767341434,9.762517379400554,3.148072380835486,12.970667583822678
MIDAS-1802,1.6524303170121166,4.893357217796977,1.5514170681305048,8.173796404583797
MIDAS-3130,1.1733473779443997,2.9055123426432417,0.6891720898967976,8.295470550900708
MIDAS-3132,1.652154753863696,4.115609481164453,0.9860919798050148,9.62149308907299
MIDAS-3134,2.4753520125456,5.976865116275014,1.3126377573015195,10.954060108474211
MIDAS-3198,0.5548460661897864,0.8332978122340012,0.44059670114095095,5.514872568520211
MIDAS-3201,0.5323243757764795,1.4528579771065695,0.4878250984508028,6.229158714349041
MIDAS-3232,1.2394408340589094,2.6192993241102016,0.9025152345351652,7.725063078392528
MIDAS-3234,1.112954679830289,2.296602248936436,0.6607498072714616,7.493444653437935
MIDAS-3374,0.9056364472662258,4.2943090957458105,0.8445356962117526,9.190994421289572
MIDAS-3376,0.8023413533553386,1.4275187064723076,0.4547171374989068,6.485803480056348
MIDAS-3382,1.2111129772136748,6.452222888005679,0.5490055320018724,11.655241270235361
MIDAS-3396,0.7780583264703897,3.7666532548937846,0.4995156942048029,9.189709485468505
MIDAS-3416,0.8993930800860549,2.812117389981426,0.5579009361675332,7.684177732068996
MIDAS-3418,1.1635810164845841,3.4283725502461353,0.7550264174792501,8.25830446220386
MIDAS-3420,1.0373428730779801,2.4236231412306384,0.6936970798410514,7.689075609525008
MIDAS-3424,0.7397124912918395,3.772894293198671,0.5842436151391035,9.086047466470845
MIDAS-3448,1.2745602263726905,2.4690190027305596,0.9236248359749148,7.61483485951481
MIDAS-3452,0.8168901298339943,2.9298101203292854,0.6880829882326396,8.32879034785832
MIDAS-3454,1.7187821951926316,5.834191898985015,0.9935380121422995,10.497842785775546
MIDAS-3734,1.3344811995719708,5.170593741253005,0.8590939233170483,11.174745390340924
MIDAS-3832,1.4781356214104393,4.215405762631265,0.7124200697246195,9.5597592531483
MIDAS-3838,1.388008410534416,4.343573042958066,0.7335113066825844,9.300099907921174
MIDAS-4822,1.1857084318111564,5.220901493206308,1.00437870787011,8.945335206742318
MIDAS-5172,2.165516481571891,5.822402644459232,2.0814458777634877,9.173093777579389
MIDAS-5222,1.8843647359124034,4.264389011965931,0.9659293752770515,9.268762278463743
MIDAS-5236,2.44481073230657,6.946510979692916,1.6074410543664133,11.043592396152313
MIDAS-5272,NA,8.57734036640939,NA,9.85945354144992
MIDAS-5290,1.0426852598648078,2.853891541515651,0.5688984003643756,7.669817899982444
MIDAS-5294,0.9848763336477762,4.593738856482594,1.0936263709408243,10.282729729078492
MIDAS-5296,1.4920846140040813,1.8377936353272195,0.9865433659034496,7.809641865993767
MIDAS-5307,1.5299376784331484,4.3590792688802775,0.6897813675491185,9.464582839935275
MIDAS-5312,1.8674340563657523,5.006262006372274,1.2374341909206859,9.916519707450865
MIDAS-5408,1.2837191463807387,5.362173823806844,0.49595278512239543,9.8063991233229
MIDAS-5416,1.4642237523888442,5.46443950989882,0.8888018505180011,8.903576615523168
MIDAS-5424,2.0761940275548962,2.347221990686242,0.7597319463599742,7.668605106705062
MIDAS-5448,1.6114317783210872,6.5592029351954935,1.1622119865241078,11.330518889854737
MIDAS-5582,0.9341727534362603,1.537969323009813,0.5043549917092096,6.557296529001271
MIDAS-5706,1.1981346987808266,3.1864981668336134,0.5412623686709892,8.519236163806188
MIDAS-5780,2.017756453866349,6.932220283052748,1.0559990538178423,11.408609881995183
MIDAS-8065,0.7233129974978437,1.7169580155777031,0.4090477312858818,6.928783850746848
MIDAS-9685,1.9618385004679901,5.485299730082218,1.1225360179612913,9.20986197926405
MIDAS-98,0.8615014687972321,3.192925073535839,0.7148012563278285,8.269510799449128
MIDAS-9931,2.138418963733562,5.700885588054349,1.0287954513273416,10.25248839460666
MIDAS-9961,1.3135598513652513,4.98731304780765,0.6813674312882259,10.068629540592262
NHLAK600020303-05,2.234287203503822,3.8920500694157205,0.8757267765670312,7.925667021636034
NHLAK600020303-06,1.3560017724364024,2.4798735695522325,0.6464302972042665,7.143815388504711
NHLAK600020601-01-01,1.495409092024387,2.1767220753375405,0.7909545716179022,7.254685871443308
NHLAK600020604-03,NA,2.3097533291816164,NA,6.834237768063897
NHLAK600020701-02,1.5688028014112732,3.4638423915916112,0.4798623314434642,7.988260706570852
NHLAK600020703-01-01,0.892784545393872,2.813087749165964,0,5
NHLAK600020703-03,2.4804548807584066,3.512279324499156,0.2808429884897551,9.848640198350168
NHLAK600020802-02,0.9361651195711094,3.653988070867527,1.3745323626673802,9.99195106046692
NHLAK600020802-04-01,1.8071672305673332,7.044801037002036,0.6721880301631189,10.672659727002554
NHLAK600020803-01-01,0.5367299559021091,1.353412485177611,0.3433125045499879,6.664311436215347
NHLAK600020804-01-01,2.441135125750195,4.346929669706728,0.9499702144469713,9.302799769253436
NHLAK600020804-01-02,2.612463550725061,5.022832008438011,1.201392176959696,9.681931628527
NHLAK600020804-01-03,0.843276049213345,3.299973012907985,1.4419541217163399,9.53421738576665
NHLAK600030604-01-01,0.773941449008507,5.7542541069004525,0.5618933129131518,9.849156712863115
NHLAK600030607-01,0.9600741120416064,3.0950453519643966,0.4889397064257352,7.757648278616695
NHLAK600030703-03-01,1.0573552230084153,1.7302937094404243,0.8866538221508572,6.644146903462827
NHLAK600030802-03-01,1.0271002530492157,1.6868616822759626,0.5773502691896258,4.333333333333333
NHLAK600030802-04,0.7832779022643322,0.3916389511321662,0.7060278333280026,5.006986361469256
NHLAK700010307-01,1.093933777972457,1.9694491768478908,0.6294515306495855,6.933052002993431
NHLAK700010701-03,1.412188955595905,1.82993864851809,1.3487323443212222,4.210458644409539
NHLAK700010701-05,0.9756693671288937,1.3685318125832182,0.5477225575051662,5.4
NHLAK700010802-03-01,1.1746570010430104,1.5333469126662118,0.570513347471874,6.833819184319742
NHLAK700010804-01-01,0.9987353343112362,2.0053996779103715,0.8745312964602354,7.702637893436598
NHLAK700020101-07-01,0.6792203471733894,4.523937072370319,0.7748116071953532,9.279429275507026
NHLAK700020103-05,1.1832719877901823,1.606520211520042,0.8448733778271376,6.486704773365707
NHLAK700020108-02-01,4.648070635966956,6.770907592763824,2.063177988330612,11.664468332717446
NHLAK700020108-02-02,1.1207422101649551,2.785985525474573,0.790484287312756,8.382028569303184
NHLAK700020108-04,NA,2.1480424937119187,NA,6.719279680507407
NHLAK700020201-02,1.1374573403075392,0.8043037986418754,0.9836884576314764,5.304427221033848
NHLAK700020201-04,1.385483824299902,3.432904833040112,0.6625100695697613,8.031715156488415
NHLAK700020201-05-01,5.248939093162519,7.785703050091584,3.5172079871988706,12.121871109843202
NHLAK700030101-03-01,NA,3.5477575009797557,NA,6
NHLAK700030101-05,0.9768949889938735,4.850831554301158,0.6394787384449158,10.650993825024862
NHLAK700030103-05-01,1.6650652598686717,2.503339038143641,0.5813047706582406,7.748850380609164
NHLAK700030105-01-01,0.8736665236687179,1.2349948826857609,0.20535437590686964,4.177502985528358
NHLAK700030105-02-01,NA,1.6532959133607672,NA,4
NHLAK700030107-02-01,0.9400827428004858,1.7044235582535436,1.0729502245794615,4.39354742293327
NHLAK700030108-02-01,2.1733513206373374,3.38467670752672,1.2575232371531029,7.8436047913664275
NHLAK700030201-02,0.7438298166450035,1.3965790546402734,0.20229119184804087,3.9360299083170105
NHLAK700030201-03,1.0131404177983696,3.0033840118176074,0.9299120790423252,6.81053063826916
NHLAK700030202-03-01,NA,3.8524533459872847,NA,8
NHLAK700030204-02,0.32911578060773533,0.16455789030386767,1.5854278692513988,6.748566889743072
NHLAK700030303-04,0.9315406979364496,1.366492303080959,0.601798150619663,5.84026002575374
NHLAK700030304-05,0.9926673303685714,1.0115749635820148,0.6183469424008423,3.5
NHLAK700030304-07,0.8044991052120508,3.03779536227775,1.171117377146944,5.315267337557589
NHLAK700030304-08,1.180612761003434,4.819853786404196,0.396899368035492,10.296155191738762
NHLAK700030403-03,1.4293932192587586,1.5079916711387005,1.467793247752007,3.734538974214621
NHLAK700030501-01,0.7695484960374989,0.4236310062713467,0.28060114904596717,5.6001211224126255
NHLAK700030504-02-01,1.4359306068626285,1.1556717453955485,0.4888803172926142,6.119140160813534
NHLAK700030505-01,1.3973649483810675,1.9153654464354875,0.8628468354078577,6.631127519045215
NHLAK700030506-02,1.6140777211307986,1.454725938995826,0.47207848933232943,7.9759250743553665
NHLAK700060101-02-01,0.578080305888771,0.6540555005064124,0.31622776601683794,3.1
NHLAK700060201-01-01,1.5872814065900385,4.237445404140635,0.7301825761105961,8.726528714012465
NHLAK700060201-05,0.8900574427750318,1.5987882913060798,0.5773502691896258,3.3333333333333335
NHLAK700060402-10-02,1.9621676708262785,3.312887007887595,1.0365083379450808,8.37078171984632
NHLAK700060501-03,1.782849895492153,2.9954412129709924,0.5773502691896258,5.666666666666667
NHLAK700060502-03,1.9959057044368174,2.2279232662609822,0.4483256384386829,5.487116689856946
NHLAK700060502-05,1.0973826011465164,1.6345198703214388,0.11303095153546423,5.039962476157347
NHLAK700060502-07,0.8230329513187299,2.0715834143988356,0.39046082317855196,6.581753941337577
NHLAK700060601-01,1.5773432107062904,4.734390541564437,0.6838505777633829,9.425513879225996
NHLAK700060604-01,1.4330293928854607,2.0499597034331614,1.7433969275584613,4.716939138019131
NHLAK700060605-04-01,0.9863437247752975,1.674954067917551,0,4
NHLAK700060803-01,0.6813248505810612,1.1155934731966533,0.48327562365086274,6.726459025808457
NHLAK700060804-02,1.5141009966289498,0.8741666179840049,0.4004457602439685,4.7688025325273005
NHLAK700061102-02,2.243965409954434,2.944342760856415,1.4811010506397242,8.426352955332005
NHLAK700061102-03-01,NA,1.7050543797771003,NA,7
NHLAK700061203-02-01,1.066730853592215,3.2349019029923047,0.6818724413533245,7.421359975030351
NHLAK700061203-06-01,0.9906146695703464,1.5173655271227098,0.6154629891754689,6.522416360983476
NHLAK700061204-01-01,1.000263260932517,4.216924979914232,0.4924668733557364,9.446699259547996
NHLAK700061204-03,0.9282783264841733,2.288392554774221,0.2886751345948129,6.916666666666667
NHLAK700061205-02-01,0.8619009639023492,2.3307814231828226,0,6
NHLAK700061206-02,NA,0,NA,3
NHLAK700061403-01-01,2.025486591715386,3.541635924701046,1.2264317726281915,7.728225851927012
NHLAK700061403-06-01,0.8403268910030102,1.6375601070044068,0.5260305736822919,7.284724752953865
NHLAK801030101-01-01,1.2637494484288734,0.903162011913228,0.21248192147588288,5.149979199509862
NHLAK801030102-02,1.3795930417754878,1.4956598220913044,0.36435162995266146,6.077787148546742
NHLAK801030502-04,0.6531900070190176,0.764198285001126,0.44721359549995787,3.8
NHLAK801030505-03,1.4531736868024945,2.4044580544120047,0.7705312539675866,6.761433162082697
NHLAK801030505-04,1.1927238516308176,1.1292390384909847,0.5843586636363728,3.908908460479508
NHLAK801040201-01,1.086091918489495,4.8856047673407685,1.4238744998109025,7.435316060248917
NHLAK801040201-02,NA,2.6072051266182377,NA,5
NHLAK801040201-03,5.131036697002979,3.628190842967831,1.1072209654126426,8.414625296628055
NHLAK801060101-05,0.9006488858470612,1.8598576931954671,0.7070251808972783,6.874074543222209
NHLAK801060105-04-01,2.4630917679846958,4.572207709840822,1.093422434152555,9.64604939906003
NHLAK801060401-06,1.5199266038748505,3.751348457106247,0.81973328963876,8.487282636605029
NHLAK801060402-02,0.5519797931899094,3.367559400837766,0,7
NHLAK801060402-04-01,1.3592507515818408,3.5684566964172646,1.1375877121512812,8.308979607844064
NHLAK801060402-05-01,3.050275666773271,8.126811248363824,1.9252174650922695,12.434212412097562
NHLAK801060402-11,0.660920325592518,2.803176011223449,0.42360302294715224,5.242494442161043
NHLAK801060404-01,0.8464604194646299,3.152901019659714,0.5453617868604501,7.417694403446994
NHLAK801070201-01,1.1696030215419329,1.9045932951760198,0.6317209161696197,6.270873369704556
NHLAK802010101-04,3.014432632905493,4.663221152549799,1.1553320094084787,10.138651236498204
NHLAK802010101-08,2.515111230976743,7.511102339476703,0.9170806276827674,11.579136653765739
NHLAK802010201-03,0.987933923260054,1.517193626242825,0.8610540578572738,6.140617656743187
NHLAK802010201-04,NA,0,NA,4
NHLAK802010202-05,NA,3.0383763500519563,NA,10.414253748308695
NHLAK802010202-09,1.0268485162104242,6.67595814667074,0.4658166768665748,11.83971965396231
NHLAK802010302-01-01,1.3737996147254568,2.664016538361272,0.6188950812355315,8.43661212247792
NHLAK802010303-04,1.8168715778710143,2.8414650019899836,0.18898223650461357,5.928571428571429
NHLAK802010303-05-01,2.0915879414390273,4.0329615667241345,0.3359509086262154,9.699211361239614
NHLAK802020103-04,1.3509333286677085,1.5128772263151409,0,4
NHLAK802020103-08,0.7843887941914648,0.8782449752895181,1.1239176521274543,3.633207927674838
NHLAK802020202-02-01,1.9076993802025461,5.3040837343177705,0.6803330150856693,8.81615815789473
WI-013038,1.578068462591414,2.5587041026265824,1.518331995162323,4.2466183173313405
WI-033140,1.3245430518064325,4.499609018256318,0.9911191172067683,10.574565251367197
WI-033142,0.7169215403420341,1.5215253790323218,0.6302800361811818,6.2370249098616
WI-033143,1.2042949041366335,3.1329751327456115,0.7227453254706965,8.857030285683514
WI-033159,1.6355531019939276,1.683878960727648,0.6572432477329851,6.535258842638936
WI-033160,0.7327037691064706,1.039172238520787,0.5092409615368871,4.631185831423318
WI-033161,1.1246831989803734,2.3041730246214422,1.3584013636193575,4.958644505093328
WI-033171,1.0106648334155532,1.7452665686496671,0.6642958097623454,7.161712924964002
WI-033177,0.3373815808657964,2.5797314760760046,0.5761159534122947,8.140955905421187
WI-033184,0.5194911982650658,1.746720494907864,0.5328344804104734,6.913048178187019
WI-033185,0.7157427334438249,2.8083161536964627,0.4709746115491643,8.475458444333185
WI-033187,0.6171189973792509,1.779078395483837,0.7449222880579838,7.213896362946188
WI-033210,1.0420676036941818,3.5682132048315522,0.6851237271943564,8.369595360723878
WI-043035,2.0963197179233624,7.223607909227403,0.8788659939412589,12.07277213323674
WI-043037,1.4241874050422385,6.454770469818007,1.0377652805170825,10.689732633682278
WI-043077,0.7128017143504398,3.7002686938745333,0.7338909003403774,9.146588353524605
WI-043113,0.7861070934389391,4.5881076177065765,0.7433862226605396,9.705115941255505
WI-043126,1.8161544706043558,3.477851842416266,3.401079868430776,8.550454550967054
WI-043129,1.2748018741926854,5.343489605074747,0.9219513677172056,10.966671188039001
WI-043148,0.798194757243986,4.267191631354233,0.655866139316719,10.006400986821333
WI-043156,0.593905986541004,3.6762886923790123,0.5783558680192801,9.304493268237763
WI-043157,0.5425062947620475,2.862675950149236,0.6275215412940752,6.657978058774469
WI-043161,1.4899758530020322,1.257978780936143,0.6235409794729507,8.106879462651298
WI-073100,1.000088132293776,3.8703873385336567,0.49437462045248187,9.172197148834243
WI-083044,1.2033161733376068,1.8469756006055413,0.4396495522883755,7.446121636337047
WI-093053,0.8410306414788263,3.097839665119068,0.8916932332562861,8.172836898750797
WI-093070,0.9651753368166321,2.1567804049929125,1.2228621318238404,4.253212257744611
WI-093115,0.11187607325726559,0.04228518107102409,0,2
WI-10028991,0.8154637208258181,1.6116388526315495,1.0852377463575726,8.060764158943863
WI-10043373,0.6644496017072169,1.1397844162992976,0.13436674081495867,5.921485539586787
WI-133122,1.7402810530103485,3.702722971680516,2.382722088630605,5.673692558795237
WI-133125,0.2352053786865362,6.365822753984888,0.3924738662000341,8.628905966154242
WI-153112,0.965111321615056,4.944348141606765,1.3214291508921248,6.484589583757417
WI-163125,0.7994479107315349,1.8810758421525293,0.6674255150831986,7.261768464325693
WI-163238,1.356024280151488,3.234495457691606,1.3841972611451459,8.88286324856448
WI-173216,1.072061135743602,3.591290679235463,0.9440504043689876,5.826960443517258
WI-193006,1.475952390334081,3.7930891953398578,1.6517814310456473,9.400139341732894
WI-193012,0.9032018355133274,2.3362259610983656,0.7750170417345097,7.436779658788838
WI-193027,2.551416738217389,4.243920306181579,1.3135301928668865,9.291057584935897
WI-194004,0.5286997046170966,3.131088198645762,0.6713510834970012,5.678595022029781
WI-203079,1.314949587591097,3.97285341348245,0.7340380262800642,9.903707757159028
WI-213040,0.5297087376321887,1.6199224613333412,0.2919371040605711,3.875
WI-213123,0.9833333090624802,6.48945677760046,0.7960472119730119,12.041706246345289
WI-213124,1.2617040424031252,7.023671347855101,1.4980569077361268,13.11636826789624
WI-213137,1.4084409744331512,6.709394689895884,1.9702981015995318,10.704842641519246
WI-213138,1.2362348219896704,5.579602587637168,0.8548914123796666,11.191045645261017
WI-213186,0.15596240256976057,0.09004493510711203,0.11547005383792526,4.933333333333334
WI-263056,1.3354827689591748,4.578289252481837,0.40317169524117064,6.706597461778271
WI-263057,0.37525006398191135,0.8327593211969604,0.47321847946212847,4.949109489283662
WI-263059,1.1541999125756424,4.388244381613421,0.549804794057758,8.98872822497486
WI-263160,0.6036166871687516,2.70081359796209,0.7021120555264573,7.419415640099309
WI-283122,1.393978099096409,3.722904695308236,0.969396647574385,10.19209242818238
WI-283123,1.4848933846323258,6.307265075173895,1.2936221349868577,12.223487368970408
WI-303121,1.0150654935991108,4.672260547999603,0.6900990090600965,8.866246276261705
WI-333254,0.7838906390783622,1.1167253929318126,0.959407599199719,2.5655062902529937
WI-343151,0.7225975264457803,3.9044099636966765,0.7410170921633304,9.35630264582594
WI-353089,1.0289416121091937,1.2558497659281325,0.2218900758990426,6.921550011326895
WI-363036,1.1072989784468565,1.1658210618187415,0.31434414645885744,5.650574892239858
WI-363064,1.147232956981626,2.051084047947687,0.8257305970674952,7.487358306155211
WI-363310,0.7663284638641494,2.0718019374774963,0.748299484159031,8.098184552384007
WI-373390,1.009415916004664,3.041194852123737,0.6104287596266469,7.570805428830776
WI-383095,0.47551221799480914,3.159997144336051,1.4635992245642528,9.069269502955008
WI-383185,0.8785526721187873,4.614378698468966,0.4705606816843499,9.389913499824985
WI-393017,0.7143400482330718,3.2396246475439856,0.3506700821362367,9.731937010029581
WI-403110,1.3826761741252536,3.8871048140113493,0.7256454511626965,8.908421524805778
WI-433035,1.7365953039107613,5.392152805819574,0.9853854490674322,10.385370473358607
WI-433247,0.866423267785624,1.6545004771370042,1.1641514456767394,5.707285259359954
WI-433283,0.9590702735437522,4.883866459536756,0.9503947768856396,9.792432477635035
WI-433337,0.7381845204273744,2.7903102038703445,0.4073186883784803,4.732939191003457
WI-433367,0.4179576230512745,0.8852081797791991,0,4
WI-433368,0.8175557925521009,2.2186527574812667,0.3233348953414316,5.136363636363637
WI-443053,1.4320754930655772,4.414650706587155,1.0006680639008436,9.089228067846287
WI-443060,0.9143056643302623,5.2884924018475665,0.754183669901107,11.552309349947242
WI-443123,0.9481214979533601,4.105595898261709,0.18924872256858058,8.843607379504327
WI-443134,1.2639195926805962,5.128842772811678,1.231013792754543,10.19322780768141
WI-443147,0.8778824957823154,5.1481499045344865,0.8277652176761092,10.294756781684745
WI-443187,0.6531045330044802,2.8852156277187575,0.6302108354860504,5.291002475669051
WI-443210,0.9974387041551407,3.3534096453879805,0.3572968341014845,7.495781241463861
WI-443264,0.8972568728402818,5.331106776646209,0.8560321401108113,10.827608508620912
WI-443386,1.1665049114006083,4.546631120800877,1.0729213501466377,10.333495375203078
WI-443391,0.9352090975276174,4.614172723179345,0.7644861909647994,10.181607463078114
WI-493063,1.43229193403436,5.881579442947219,1.3339279538181248,10.921096240333915
WI-493080,0.5279868366572769,1.1033665652397886,0.20676393000550844,3.0285714285714285
WI-493097,0.9463757883539367,4.2355712541437045,1.0169138041908956,9.212609767377488
WI-493105,0.7432485356867811,1.9516338118258927,0.4576053136358502,6.624063234663318
WI-493122,0.9902460232016902,3.2663489126478877,1.641571407400498,5.613124870082528
WI-493126,1.803762462192173,6.556579012318948,1.0589871638024475,10.570170094043327
WI-493131,1.5244836126083707,4.1491132200588225,2.010895226872425,7.704576765891593
WI-503139,0.702713595766009,1.2290066134740734,0.8119624817025777,5.838684835055298
WI-503140,0.8750193336154386,3.740302447799083,0.7997374446710294,9.011048037631973
WI-523120,1.5827089703400463,4.464910250098561,0.8790144579714511,10.234017090146404
WI-543247,0.795474878249538,1.6062831743727695,0.4626177163870311,4.291666666666667
WI-563056,0.49207314520318696,1.1238916298293118,0.5082474490278638,6.24351691831254
WI-563057,1.2166595208578725,4.4597199217511925,1.7391596081504244,6.384600173008354
WI-563058,0.5870888145026869,4.316339796690864,0.7150902517540971,9.148474061323105
WI-573060,0.721016345983677,4.349778491807861,1.3234779211475254,9.242777985904112
WI-573124,1.8043846032566802,3.283074424159268,0.6359045905445824,9.028989462430523
WI-583046,2.5910432101156395,7.9131696364961,1.6092970000407025,12.302490379329136
WI-583047,1.2586077766899162,4.125554878739474,0.7451785977309456,9.346505510314367
WI-583086,1.2476284395649646,2.341353677634331,0.9886709100363078,3.813725953719431
WI-583088,1.4572691719558473,4.187262683283894,0.8314983934696352,9.422505447908831
WI-583092,0.5438005640466871,3.8535527346907497,0.5746463502155035,9.114925938032219
WI-583204,1.2797392647539878,3.863695366970371,1.3328586015431998,8.962280536253202
WI-593003,0.6219290818269269,1.8989857723099097,0.4769907764169381,6.752868648638625
WI-593043,0.8081044433093126,3.593043430457067,0.7906197724594098,9.228668661271055
WI-593044,1.971413547984995,2.9441936258741803,1.1578438816548793,7.916233799776069
WI-593045,0.6149215471696897,2.1553656579742544,0.7510706995303413,6.74741770204546
WI-593072,1.9584431569096452,6.652893211042327,2.2001526551950548,8.457035797419646
WI-593076,1.3963440058287055,1.2113191755532269,1.3004138881938276,6.414875237759599
WI-593121,1.683075946976732,2.9761375691815863,0.9213968675673355,8.279035299403212
WI-603312,0.589676071022111,2.8971332248732824,0.27289303903536816,5.8088644999164245
WI-643066,0.674431593859401,2.6651852030122343,0.47434164902525694,6.65
WI-643080,1.4783009520638475,4.951018760589062,1.5193431247764204,10.654398065824134
WI-643125,1.9485490379112718,7.950366544588734,1.5739206890134578,13.387519362235938
WI-643126,1.242818741055602,5.586532202942484,1.0312349848495286,10.78147600175818
WI-643137,1.1364944889415804,2.19512645759427,1.2849131596696721,4.294605310572886
WI-643239,1.3136699319927716,3.886239398787121,0.7625834748743118,9.167787950927016
WI-643273,0.9236681495160235,3.1169045877033845,0.5447190803164421,8.087249228562408
WI-643401,0.7145994411767008,4.866263122196516,0.62608147864026,8.442209306932877
WI-643407,2.348352692303986,4.723140392807229,1.2124863374991566,9.49868804138806
WI-643444,0.9763518541913582,2.0675376734195803,0.735522187110367,6.87222405293085
WI-643451,1.27434913847468,6.485914516088359,0.6388178089000661,10.304409908311634
WI-643466,0.7459589048005129,2.0965594404284356,0.49918658154955736,6.71648636728209
WI-653121,1.6412264948277946,3.893758389367701,0.8289362618818603,10.483517757543122
WI-653123,1.4551132435307177,5.494907850191816,0.8842263731597542,11.799492049727823
WI-653124,1.4310128268227102,4.560038740610991,0.9477735484808026,11.563777597567519
WI-653125,1.2071885695734368,3.9797619707779113,0.6993050969119268,10.733911431929524
WI-653126,1.0313532156719794,3.731654777313849,1.3961097700838574,8.463209029981394
WI-653217,1.195285739702527,3.441768009879115,2.1441893113246464,5.499760980144066
WI-663045,1.277586881266805,2.440989915015934,1.116020770480257,8.290812001068618
WI-663053,0.43325989462774334,2.675668694897002,0.4187665608212096,7.611020225282049
WI-663088,0.9891488873835603,3.375853902227547,0.7933804029153805,9.29354032979226
WI-663091,1.5834508127890674,6.117426611423623,0.97534355328589,10.649415931736513
WI-663099,1.2162065266554758,1.7820947712777215,0.8562381322315631,5.189520672992471
WI-663101,0.7792482955005019,2.101718088143249,0.7366056151795048,4.726958790244233
WI-663105,0.933466534351196,1.3913271330164965,0.36502994847196996,5.656776290128832
WI-663128,1.7197698810903652,1.7897770335825391,0.6594547202082676,6.580026536550558
WI-673120,2.6460345550960813,2.86992182963151,1.4571110702355121,8.625373029323157
WI-673123,1.3707449523221156,3.828502861655124,0.6623855531690732,10.824206848833182
WI-673202,0.9430969498189243,1.5757347757706461,0.7800236951862779,7.601343023005681
WI-673206,2.5548924339587864,6.376403232324678,1.9769223226556163,12.298078681707047
WI-673208,0.7407771870544193,2.679523669318173,0.5830529747284192,8.47032328719975
WI-673225,0.5624842017158601,3.601135508868911,0.537380462979246,5.749897834495285
WI-673250,0.29278595384713585,0.9399615777251558,0.6884730318241209,6.6921546078069065
WI-683123,0.9044041086410497,4.020754413094765,0.5385791976600013,10.627001725274946
WI-683125,1.8907104399752042,5.395244992401472,0.6669522181210282,11.476831102577524
WI-683129,1.8063090673346156,5.052893471863259,1.2768617176585568,11.036292999738874
WI-683137,2.2162499284802406,2.8966093121495025,0.940650751859308,9.077397519077778
WI-683143,1.2387633391854167,6.555871618000789,0.9990417011735815,11.497707626465283
WI-683145,1.0493300036156616,4.299398481366546,0.6532254219105541,10.910017941846878
WI-683201,0.5183798930421536,6.066590760751583,0.9107247843210841,12.957356351976927
WI-683202,0.31830226419197977,1.8196644402996753,0.3344102105750219,3.7759972275082223
WI-683256,3.3418516737458623,5.016606960479884,1.7286069760326137,10.555893068406915
WI-683325,0.5476614926215977,2.8514709241328737,0.15739707776954642,8.932762664647347
WI-693025,0.36184099760497895,0.7768157307780579,0.3388112584921403,5.086013953790222
WI-693034,0.2014881499029325,1.8228800265527547,0.6160732967999475,7.500509277141828
WI-693084,NA,0,NA,3.4150703477194617
WI-693121,1.9442657006360677,2.786590073894511,1.1678615786667226,8.257391668734936
WI-703014,0.590200745995868,5.056423297874581,0.7256443108223476,11.288669398761456
WI-703018,1.0277194924226303,5.452947317586273,0.7804008060799734,11.565843509383992
WI-703027,1.0927182798435102,2.7743330709083858,0.6360854651816678,8.504042407570418
WI-703031,1.28060620914963,3.7379316714165944,1.623766620265585,5.601640462279337
WI-703052,1.9819684793368686,5.328772373779798,1.4666958643330685,10.953528379897207
WI-703056,1.730780698297369,5.639370950476931,0.9093882741328191,10.874964390895109
aba00,1.3346190229790098,2.6328249539079143,0.5794709822074554,7.0278582322311545
aba01,0.6270054568022622,2.1647661562588896,0.6396539674760787,6.63863682489941
aba02,0.5664295308329885,2.8383369188331287,0.40344968760318056,8.067693459855478
aba03,1.3528695620682574,16.30923959826579,0.9723730515889987,21.53149641730264
aba04,2.749561010342821,9.872352260336886,1.1492175367008608,14.810568275443401
aba05,1.5495266523459006,3.9181315234135248,1.0554827626769976,9.073915634225346
aba06,2.1541258773870933,15.652885900325709,2.2617984200390624,18.95243572969466
aba07,5.831879896126953,17.753634414895842,5.357348157496609,20.909721487789888
aba08,7.7543930869545115,22.603472140779655,8.123516506037515,23.495225955757526
aba09,1.0474945273041874,8.33335112959231,1.0346290738319965,12.393962885168307
aba100,1.4175979120261992,2.866107767717628,0.9135642040066247,8.003608464588709
aba101,0.9684562528421263,2.1851540129890448,0.7274572430263959,7.218768480101316
aba102,1.4641512480843142,3.63707573557866,0.7561620628933493,9.424381101760622
aba103,0.7684927422714889,3.6627189399483293,0.969245761439365,8.611592602502505
aba104,0.13216672294799178,0.053153852414139835,0.7170123776014075,2.326764750340857
aba105,0.8706947535947533,2.4531409662547965,0.32800257253278947,7.224489028255889
aba106,1.8695397263688056,2.848489324256217,0.841930177287904,7.809082361472948
aba107,1.9797290881832885,6.454900867014243,0.9862252580606811,11.525821965745834
aba108,0.28403883075956254,0.2702944458351073,0.25405154825388604,4.023717741668316
aba109,1.0176896831632989,2.9221650532973023,1.3630957520662172,5.402557550357292
aba110,0.37442094311529805,0.3862620653195517,0.39648073054937955,3.7083333333333335
aba112,1.225700919279754,4.7025697884372795,1.5217802659674429,8.737947946906287
aba113,0.8190308966177116,1.9226159952442774,0.3107907802540305,5.125
aba12,1.0765633153568275,10.754392634583375,0.7939621365663062,15.819297167772213
aba14,1.8290711118202938,6.041042362034743,1.2819582754147185,10.816616940841246
aba15,2.5929129170257013,10.68046504865712,2.5216487184589225,13.847566194922017
aba17,1.0783406855006372,1.8265723511292549,0.37796447300922725,6.142857142857143
aba18,0.16271830656786015,0.2231535009948249,0.324758742914015,4.041951170157201
aba19,1.8413252612586597,8.821491576025744,1.5046433908225634,12.959857160221885
aba20,0.9375353630847794,6.859026968059303,1.1248774832532522,12.506061535438931
aba21,0.5128946434399816,0.8282590180150841,0.4981637617664796,4.695844224707078
aba22,0.13147480822226473,0.058797321702746444,0.13672073530840087,3.2876473711992964
aba23,0.5015939005667873,0.97669414831415,0.5170252526167166,5.138631999891833
aba24,2.3041553889097615,5.980431763821878,1.5852699773209784,10.067858986186005
aba25,2.0679968816536936,6.738833716285474,1.6731785582629182,12.411090800607365
aba26,0.8294086609812575,2.0633750614592383,0.9103896943343743,7.417205949560071
aba27,2.10323531588183,9.973012542479598,1.7459059845184401,11.958332245480701
aba30,4.672269880885701,13.938609366376927,4.734238709174256,14.681744976338122
aba31,0.5110063460310239,1.423810172489108,0.8016930369051634,7.204995175402027
aba35,1.0138953743550476,4.439959492946812,0.4687020515258828,10.39437227133391
aba86,2.715210084321065,6.798977681905152,1.9205931674979635,10.895854012480225
aba87,2.035521323593302,4.12335374171118,1.4065437840743944,8.458577044837796
aba90,0.6487924692371138,1.3936779282976741,0.793702208491939,3.453808583951687
aba91,1.5274226257202375,3.958920869759172,0.8981670945821171,8.994050191093827
aba92,0.7436509292830769,2.9732595227412375,0.5774753825885713,7.981442507198839
aba93,0.6092409096220445,0.8898755882501119,0.3776611571408534,4.87696578549296
aba94,1.0625306569825488,1.477773158460351,0.45560825025227536,6.526548724632867
aba95,0.905192142068014,4.311615526103142,0.602610769057098,8.727340582385796
aba96,1.6108313209791982,6.579559514075909,1.1321047500320247,11.805043273871991
aba97,0.1923282337376473,0.1711800665314944,0.557320429022713,1.9166666666666667
aba98,0.7363566814657461,1.785407006476778,0.8531619793445963,6.4189333725529
aba99,0.8032798324858681,1.7545839575082065,0.7837656430211245,3.818053967252506
